station_m,total_pressure_kpa,hydraulic_pressure_kpa,mhd_pressure_kpa,curvature_pressure_kpa
0.000000000000e+00,0.000000000000e+00,0.000000000000e+00,0.000000000000e+00,0.000000000000e+00
3.169013932347e-02,3.259963989258e-03,3.482165068673e-04,2.911747577714e-03,0.000000000000e+00
6.338027864695e-02,6.608343124390e-03,6.964330137346e-04,5.911909826937e-03,0.000000000000e+00
9.507042169571e-02,1.004434967041e-02,1.044649561536e-03,8.999699886117e-03,0.000000000000e+00
1.267605572939e-01,1.356663799286e-02,1.392866027469e-03,1.217377141130e-02,0.000000000000e+00
1.584507077932e-01,1.717323493958e-02,1.741082657139e-03,1.543215134620e-02,0.000000000000e+00
1.901408433914e-01,2.086145591736e-02,2.089299123072e-03,1.877215508286e-02,0.000000000000e+00
2.218309789896e-01,2.462783050537e-02,2.437515589005e-03,2.219031357196e-02,0.000000000000e+00
2.535211145878e-01,2.846801376343e-02,2.785732054938e-03,2.568228015473e-02,0.000000000000e+00
2.852112650871e-01,3.237669372559e-02,3.133948684608e-03,2.924274443285e-02,0.000000000000e+00
3.169014155865e-01,3.634749984741e-02,3.482165314278e-03,3.286533358666e-02,0.000000000000e+00
3.485915362835e-01,4.037290191650e-02,3.830381616474e-03,3.654251861767e-02,0.000000000000e+00
3.802816867828e-01,4.444412994385e-02,4.178598246144e-03,4.026553188357e-02,0.000000000000e+00
4.119718372822e-01,4.855106735229e-02,4.526814875814e-03,4.402425411163e-02,0.000000000000e+00
4.436619579792e-01,5.268216705322e-02,4.875031178010e-03,4.780713811764e-02,0.000000000000e+00
4.753521084785e-01,5.682438659668e-02,5.223247807680e-03,5.160114257205e-02,0.000000000000e+00
5.070422291756e-01,6.096310424805e-02,5.571464109877e-03,5.539164350282e-02,0.000000000000e+00
5.387324094772e-01,6.508209991455e-02,5.919681067019e-03,5.916242244802e-02,0.000000000000e+00
5.704225301743e-01,6.916349792480e-02,6.267897369216e-03,6.289560761568e-02,0.000000000000e+00
6.021126508713e-01,7.318785095215e-02,6.616113671413e-03,6.657173789700e-02,0.000000000000e+00
6.338028311729e-01,7.713413238525e-02,6.964330628555e-03,7.016980400560e-02,0.000000000000e+00
6.654929518700e-01,8.097988891602e-02,7.312546930752e-03,7.366734805849e-02,0.000000000000e+00
6.971830725670e-01,8.470145416260e-02,7.660763232949e-03,7.704069554679e-02,0.000000000000e+00
7.288732528687e-01,8.827418518066e-02,8.008980190091e-03,8.026521116478e-02,0.000000000000e+00
7.605633735657e-01,9.167285156250e-02,8.357196492288e-03,8.331566175322e-02,0.000000000000e+00
7.922534942627e-01,9.487216186523e-02,8.705412794485e-03,8.616675896826e-02,0.000000000000e+00
8.239436745644e-01,9.784741973877e-02,9.053629751627e-03,8.879379469370e-02,0.000000000000e+00
8.556337952614e-01,1.005752944946e-01,9.401846053824e-03,9.117345482140e-02,0.000000000000e+00
8.873239159584e-01,1.030349349976e-01,9.750062356021e-03,9.328487789823e-02,0.000000000000e+00
9.190140962601e-01,1.052091674805e-01,1.009827931316e-02,9.511089718214e-02,0.000000000000e+00
9.507042169571e-01,1.070860443115e-01,1.044649561536e-02,9.663955001997e-02,0.000000000000e+00
9.823943376541e-01,1.086606140137e-01,1.079471191756e-02,9.786590881584e-02,0.000000000000e+00
1.014084458351e+00,1.099371185303e-01,1.114292821975e-02,9.879419704138e-02,0.000000000000e+00
1.045774698257e+00,1.109314117432e-01,1.149114583184e-02,9.944027216055e-02,0.000000000000e+00
1.077464818954e+00,1.116738204956e-01,1.183936213404e-02,9.983446404980e-02,0.000000000000e+00
1.109154939651e+00,1.122123947144e-01,1.218757843624e-02,1.000248208994e-01,0.000000000000e+00
1.140845060349e+00,1.126165084839e-01,1.253579473843e-02,1.000807183586e-01,0.000000000000e+00
1.172535181046e+00,1.129808654785e-01,1.288401104063e-02,1.000968612053e-01,0.000000000000e+00
1.204225301743e+00,1.134298553467e-01,1.323222734283e-02,1.001976324356e-01,0.000000000000e+00
1.235915541649e+00,1.141221847534e-01,1.358044495491e-02,1.005417433160e-01,0.000000000000e+00
1.267605662346e+00,1.152557525635e-01,1.392866125711e-02,1.013270944322e-01,0.000000000000e+00
1.299295783043e+00,1.170726318359e-01,1.427687755931e-02,1.027957575805e-01,0.000000000000e+00
1.330985903740e+00,1.198639907837e-01,1.462509386150e-02,1.052389027597e-01,0.000000000000e+00
1.362676024437e+00,1.239748001099e-01,1.497331016370e-02,1.090014968874e-01,0.000000000000e+00
1.394366145134e+00,1.298080444336e-01,1.532152646590e-02,1.144865284502e-01,0.000000000000e+00
1.426056385040e+00,1.378282470703e-01,1.566974407799e-02,1.221585091795e-01,0.000000000000e+00
1.457746505737e+00,1.485637207031e-01,1.601796038018e-02,1.325457682779e-01,0.000000000000e+00
1.489436626434e+00,1.626077575684e-01,1.636617668238e-02,1.462415899020e-01,0.000000000000e+00
1.521126747131e+00,1.806176452637e-01,1.671439298458e-02,1.639032495728e-01,0.000000000000e+00
1.552816867828e+00,2.033115997314e-01,1.706260928677e-02,1.862489925412e-01,0.000000000000e+00
1.584506988525e+00,2.314631958008e-01,1.741082558897e-02,2.140523597795e-01,0.000000000000e+00
1.616197228432e+00,2.658927612305e-01,1.775904320106e-02,2.481337070094e-01,0.000000000000e+00
1.647887349129e+00,3.074551086426e-01,1.810725950325e-02,2.893478540291e-01,0.000000000000e+00
1.679577469826e+00,3.570250244141e-01,1.845547580545e-02,3.385695610934e-01,0.000000000000e+00
1.711267590523e+00,4.154779663086e-01,1.880369210765e-02,3.966742755234e-01,0.000000000000e+00
1.742957711220e+00,4.836680908203e-01,1.915190840984e-02,4.645161837877e-01,0.000000000000e+00
1.774647831917e+00,5.624031982422e-01,1.950012471204e-02,5.429030706220e-01,0.000000000000e+00
1.806338071823e+00,6.524174804688e-01,1.984834232413e-02,6.325690957462e-01,0.000000000000e+00
1.838028192520e+00,7.543406982422e-01,2.019655862633e-02,7.341441800579e-01,0.000000000000e+00
1.869718313217e+00,8.686708984375e-01,2.054477492852e-02,8.481261129646e-01,0.000000000000e+00
1.901408433914e+00,9.957429199219e-01,2.089299123072e-02,9.748498998927e-01,0.000000000000e+00
1.933098554611e+00,1.135701904297e+00,2.124120753292e-02,1.114460711150e+00,0.000000000000e+00
1.964788675308e+00,1.288479492188e+00,2.158942383511e-02,1.266890006018e+00,0.000000000000e+00
1.996478915215e+00,1.453774902344e+00,2.193764144720e-02,1.431837240518e+00,0.000000000000e+00
2.028168916702e+00,1.631040039062e+00,2.228585643951e-02,1.608754178536e+00,0.000000000000e+00
2.059859037399e+00,1.819480468750e+00,2.263407274170e-02,1.796846325194e+00,0.000000000000e+00
2.091549396515e+00,2.018053833008e+00,2.298229166368e-02,1.995071525320e+00,0.000000000000e+00
2.123239517212e+00,2.225480468750e+00,2.333050796588e-02,2.202149899488e+00,0.000000000000e+00
2.154929637909e+00,2.440272705078e+00,2.367872426808e-02,2.416593836033e+00,0.000000000000e+00
2.186619758606e+00,2.660759277344e+00,2.402694057027e-02,2.636732361930e+00,0.000000000000e+00
2.218309879303e+00,2.885147705078e+00,2.437515687247e-02,2.860750629769e+00,2.186496298995e-05
2.250000000000e+00,3.111641601562e+00,2.472337317467e-02,3.086734242144e+00,1.839073537275e-04
2.269771814346e+00,3.253454345703e+00,2.494062914997e-02,3.228036443422e+00,4.771271395771e-04
2.289543628693e+00,3.395407226562e+00,2.515788512527e-02,3.369338644699e+00,9.105103588507e-04
2.309315681458e+00,3.537383789062e+00,2.537514372035e-02,3.510642549870e+00,1.365759188654e-03
2.329087495804e+00,3.679358398438e+00,2.559239969565e-02,3.651944751148e+00,1.821002528902e-03
2.348859310150e+00,3.821333007813e+00,2.580965567095e-02,3.793246952425e+00,2.276245869149e-03
2.368631124496e+00,3.963307617188e+00,2.602691164625e-02,3.934549129567e+00,2.731489209397e-03
2.388402938843e+00,4.105282226563e+00,2.624416762155e-02,4.075851287401e+00,3.186732549645e-03
2.408174991608e+00,4.247258789063e+00,2.646142621663e-02,4.217155149128e+00,3.641981379448e-03
2.427946805954e+00,4.389233398437e+00,2.667868219193e-02,4.358457331097e+00,4.097224719696e-03
2.447718620300e+00,4.531208007813e+00,2.689593816723e-02,4.499759517893e+00,4.552468059944e-03
2.467490434647e+00,4.673182617187e+00,2.711319414253e-02,4.641061680554e+00,5.007711400191e-03
2.487262248993e+00,4.815157226562e+00,2.733045011783e-02,4.782363862523e+00,5.462954740439e-03
2.507034301758e+00,4.957133789062e+00,2.754770871291e-02,4.923667767694e+00,5.918203570242e-03
2.526806116104e+00,5.099108398438e+00,2.776496468821e-02,5.064969944836e+00,6.373446910490e-03
2.546577930450e+00,5.241083007812e+00,2.798222066351e-02,5.206272102670e+00,6.828690250738e-03
2.566349744797e+00,5.383057617188e+00,2.819947663881e-02,5.347574265330e+00,7.283933590986e-03
2.586121797562e+00,5.525034179688e+00,2.841673523389e-02,5.488878131884e+00,7.739182420789e-03
2.605893611908e+00,5.667008789062e+00,2.863399120919e-02,5.630180294545e+00,8.194425761036e-03
2.625665426254e+00,5.808983398438e+00,2.885124718449e-02,5.771482476514e+00,8.649669101284e-03
2.645437240601e+00,5.950958007812e+00,2.906850315979e-02,5.912784634348e+00,9.104912441532e-03
2.665209054947e+00,6.092932617187e+00,2.928575913509e-02,6.054086797008e+00,9.560155781780e-03
2.684981107712e+00,6.234909179687e+00,2.950301773017e-02,6.195390687698e+00,1.001540461158e-02
2.704752922058e+00,6.376883789063e+00,2.972027370547e-02,6.336692869667e+00,1.047064795183e-02
2.724524736404e+00,6.518858398437e+00,2.993752968077e-02,6.477995046809e+00,1.092589129208e-02
2.744296550751e+00,6.660833007813e+00,3.015478565607e-02,6.619297223951e+00,1.138113463233e-02
2.764068365097e+00,6.802807617187e+00,3.037204163137e-02,6.760599405920e+00,1.183637797257e-02
2.783840417862e+00,6.944784179687e+00,3.058930022645e-02,6.901903296610e+00,1.229162680238e-02
2.803612232208e+00,7.086758789063e+00,3.080655620175e-02,7.043205483406e+00,1.274687014262e-02
2.823384046555e+00,7.228733398437e+00,3.102381217705e-02,7.184507670203e+00,1.320211348287e-02
2.843155860901e+00,7.370708007812e+00,3.124106815235e-02,7.325809856999e+00,1.365735682312e-02
2.862927675247e+00,7.512682617188e+00,3.145832412765e-02,7.467112038968e+00,1.411260016337e-02
2.882699728012e+00,7.654659179688e+00,3.167558272274e-02,7.608415924831e+00,1.456784899317e-02
2.902471542358e+00,7.796633789062e+00,3.189283869804e-02,7.749718106800e+00,1.502309233342e-02
2.922243356705e+00,7.938608398438e+00,3.211009467333e-02,7.891020288769e+00,1.547833567367e-02
2.942015171051e+00,8.080583007812e+00,3.232735064863e-02,8.032322451429e+00,1.593357901391e-02
2.961786985397e+00,8.222557617187e+00,3.254460662393e-02,8.173624609263e+00,1.638882235416e-02
2.981559038162e+00,8.364534179687e+00,3.276186521902e-02,8.314928514434e+00,1.684407118397e-02
3.001330852509e+00,8.506508789063e+00,3.297912119432e-02,8.456230696403e+00,1.729931452421e-02
3.021102666855e+00,8.648483398438e+00,3.319637716962e-02,8.597532878372e+00,1.775455786446e-02
3.040874481201e+00,8.790458984375e+00,3.341363314492e-02,8.738835084477e+00,1.820980120471e-02
3.060646533966e+00,8.932434570313e+00,3.363089174000e-02,8.880138970340e+00,1.866505003451e-02
3.080418348312e+00,9.074409179687e+00,3.384814771530e-02,9.021441152309e+00,1.912029337476e-02
3.100190162659e+00,9.216383789062e+00,3.406540369060e-02,9.162743339105e+00,1.957553671501e-02
3.119961977005e+00,9.358358398438e+00,3.428265966590e-02,9.304045545210e+00,2.003078005526e-02
3.139733791351e+00,9.500333007813e+00,3.449991564120e-02,9.445347746487e+00,2.048602339550e-02
3.159505844116e+00,9.642309570313e+00,3.471717423628e-02,9.586651651658e+00,2.094127222531e-02
3.179277658463e+00,9.784284179687e+00,3.493443021158e-02,9.727953852936e+00,2.139651556555e-02
3.199049472809e+00,9.926258789062e+00,3.515168618688e-02,9.869256030078e+00,2.185175890580e-02
3.218821287155e+00,1.006823437500e+01,3.536894216218e-02,1.001055823136e+01,2.230700224605e-02
3.238593101501e+00,1.021020898438e+01,3.558619813748e-02,1.015186043263e+01,2.276224558630e-02
3.258365154266e+00,1.035218554688e+01,3.580345673256e-02,1.029316431850e+01,2.321749441610e-02
3.278136968613e+00,1.049416015625e+01,3.602071270786e-02,1.043446650529e+01,2.367273775635e-02
3.297908782959e+00,1.063613476563e+01,3.623796868316e-02,1.057576868726e+01,2.412798109660e-02
3.317680597305e+00,1.077810937500e+01,3.645522465846e-02,1.071707086923e+01,2.458322443684e-02
3.337452411652e+00,1.092008398437e+01,3.667248063376e-02,1.085837303189e+01,2.503846777709e-02
3.357224464417e+00,1.106206054687e+01,3.688973922884e-02,1.099967689362e+01,2.549371660689e-02
3.376996278763e+00,1.120403515625e+01,3.710699520414e-02,1.114097909489e+01,2.594895994714e-02
3.396768093109e+00,1.134600976563e+01,3.732425117944e-02,1.128228130100e+01,2.640420328739e-02
3.416539907455e+00,1.148798437500e+01,3.754150715474e-02,1.142358350710e+01,2.685944662764e-02
3.436311721802e+00,1.162995898437e+01,3.775876313004e-02,1.156488568907e+01,2.731468996789e-02
3.456083774567e+00,1.177193554687e+01,3.797602172512e-02,1.170618953149e+01,2.776993879769e-02
3.475855588913e+00,1.191391015625e+01,3.819327770042e-02,1.184749169415e+01,2.822518213794e-02
3.495627403259e+00,1.205588476563e+01,3.841053367572e-02,1.198879387612e+01,2.868042547818e-02
3.515399217606e+00,1.219785937500e+01,3.862778965102e-02,1.213009607740e+01,2.913566881843e-02
3.535171031952e+00,1.233983398437e+01,3.884504562632e-02,1.227139830281e+01,2.959091215868e-02
3.554943084717e+00,1.248181054687e+01,3.906230422140e-02,1.241270221281e+01,3.004616098848e-02
3.574714899063e+00,1.262378515625e+01,3.927956019670e-02,1.255400439478e+01,3.050140432873e-02
3.594486713409e+00,1.276575976563e+01,3.949681617200e-02,1.269530657675e+01,3.095664766898e-02
3.614258527756e+00,1.290773535156e+01,3.971407214730e-02,1.283660876354e+01,3.141189100923e-02
3.634030580521e+00,1.304971093750e+01,3.993133074238e-02,1.297791267354e+01,3.186713983903e-02
3.653802394867e+00,1.319168652344e+01,4.014858671768e-02,1.311921489896e+01,3.232238317928e-02
3.673574209213e+00,1.333366113281e+01,4.036584269298e-02,1.326051712437e+01,3.277762651953e-02
3.693346023560e+00,1.347563574219e+01,4.058309866828e-02,1.340181934978e+01,3.323286985977e-02
3.713117837906e+00,1.361761035156e+01,4.080035464358e-02,1.354312155589e+01,3.368811320002e-02
3.732889890671e+00,1.375958691406e+01,4.101761323867e-02,1.368442544658e+01,3.414336202982e-02
3.752661705017e+00,1.390156152344e+01,4.123486921396e-02,1.382572762855e+01,3.459860537007e-02
3.772433519363e+00,1.404353613281e+01,4.145212518926e-02,1.396702981051e+01,3.505384871032e-02
3.792205333710e+00,1.418551074219e+01,4.166938116456e-02,1.410833201662e+01,3.550909205057e-02
3.811977148056e+00,1.432748535156e+01,4.188663713986e-02,1.424963424203e+01,3.596433539081e-02
3.831749200821e+00,1.446946191406e+01,4.210389573495e-02,1.439093814720e+01,3.641958422062e-02
3.851521015167e+00,1.461143652344e+01,4.232115171025e-02,1.453224032917e+01,3.687482756087e-02
3.871292829514e+00,1.475341113281e+01,4.253840768555e-02,1.467354249183e+01,3.733007090111e-02
3.891064643860e+00,1.489538574219e+01,4.275566366085e-02,1.481484463036e+01,3.778531424136e-02
3.910836458206e+00,1.503736035156e+01,4.297291963614e-02,1.495614681233e+01,3.824055758161e-02
3.930608510971e+00,1.517933691406e+01,4.319017823123e-02,1.509745072233e+01,3.869580641141e-02
3.950380325317e+00,1.532131152344e+01,4.340743420653e-02,1.523875292843e+01,3.915104975166e-02
3.970152139664e+00,1.546328710938e+01,4.362469018183e-02,1.538005512971e+01,3.960629309191e-02
3.989923954010e+00,1.560526171875e+01,4.384194615713e-02,1.552135728754e+01,4.006153643216e-02
4.009696006775e+00,1.574723730469e+01,4.405920475221e-02,1.566266115410e+01,4.051678526196e-02
4.029467582703e+00,1.588920996094e+01,4.427645810773e-02,1.580396163217e+01,4.097202311265e-02
4.049239635468e+00,1.603118652344e+01,4.449371670281e-02,1.594526551803e+01,4.142727194245e-02
4.069011688232e+00,1.617316308594e+01,4.471097529789e-02,1.608656940872e+01,4.188252077226e-02
4.088783264160e+00,1.631513574219e+01,4.492822865341e-02,1.622786988680e+01,4.233775862295e-02
4.108555316925e+00,1.645711328125e+01,4.514548724849e-02,1.636917379197e+01,4.279300745275e-02
4.128326892853e+00,1.659908593750e+01,4.536274060401e-02,1.651047428935e+01,4.324824530345e-02
4.148098945618e+00,1.674106250000e+01,4.557999919909e-02,1.665177817039e+01,4.370349413325e-02
4.167870998383e+00,1.688303906250e+01,4.579725779417e-02,1.679308207556e+01,4.415874296305e-02
4.187642574310e+00,1.702501171875e+01,4.601451114969e-02,1.693438257294e+01,4.461398081374e-02
4.207414627075e+00,1.716698828125e+01,4.623176974477e-02,1.707568647812e+01,4.506922964355e-02
4.227186203003e+00,1.730896093750e+01,4.644902310029e-02,1.721698698033e+01,4.552446749424e-02
4.246958255768e+00,1.745093750000e+01,4.666628169537e-02,1.735829087102e+01,4.597971632404e-02
4.266730308533e+00,1.759291406250e+01,4.688354029045e-02,1.749959475688e+01,4.643496515385e-02
4.286501884460e+00,1.773488671875e+01,4.710079364597e-02,1.764089523495e+01,4.689020300454e-02
4.306273937225e+00,1.787686328125e+01,4.731805224105e-02,1.778219914495e+01,4.734545183434e-02
4.326045513153e+00,1.801883593750e+01,4.753530559657e-02,1.792349962303e+01,4.780068968503e-02
4.345817565918e+00,1.816081250000e+01,4.775256419165e-02,1.806480350889e+01,4.825593851484e-02
4.365589618683e+00,1.830278906250e+01,4.796982278673e-02,1.820610741406e+01,4.871118734464e-02
4.385361194611e+00,1.844476171875e+01,4.818707614225e-02,1.834740786800e+01,4.916642519533e-02
4.405133247375e+00,1.858673828125e+01,4.840433473733e-02,1.848871173456e+01,4.962167402514e-02
4.424904823303e+00,1.872871093750e+01,4.862158809285e-02,1.863001221263e+01,5.007691187583e-02
4.444676876068e+00,1.887068750000e+01,4.883884668793e-02,1.877131609850e+01,5.053216070563e-02
4.464448928833e+00,1.901266406250e+01,4.905610528301e-02,1.891261998436e+01,5.098740953543e-02
4.484220504761e+00,1.915463671875e+01,4.927335863853e-02,1.905392046243e+01,5.144264738613e-02
4.503992557526e+00,1.929661328125e+01,4.949061723361e-02,1.919522435312e+01,5.189789621593e-02
4.523764133453e+00,1.943858593750e+01,4.970787058913e-02,1.933652483603e+01,5.235313406662e-02
4.543536186218e+00,1.958056250000e+01,4.992512918421e-02,1.947782872672e+01,5.280838289643e-02
4.563308238983e+00,1.972253906250e+01,5.014238777930e-02,1.961913261741e+01,5.326363172623e-02
4.583079814911e+00,1.986451171875e+01,5.035964113481e-02,1.976043309548e+01,5.371886957692e-02
4.602851867676e+00,2.000648828125e+01,5.057689972989e-02,1.990173697652e+01,5.417411840672e-02
4.622623443604e+00,2.014846093750e+01,5.079415308541e-02,2.004303744976e+01,5.462935625742e-02
4.642395496368e+00,2.029043750000e+01,5.101141168049e-02,2.018434133563e+01,5.508460508722e-02
4.662167549133e+00,2.043241406250e+01,5.122867027558e-02,2.032564522632e+01,5.553985391702e-02
4.681939125061e+00,2.057438671875e+01,5.144592363109e-02,2.046694568508e+01,5.599509176771e-02
4.701711177826e+00,2.071636328125e+01,5.166318222618e-02,2.060824954681e+01,5.645034059752e-02
4.721482753754e+00,2.085833593750e+01,5.188043558169e-02,2.074955002489e+01,5.690557844821e-02
4.741254806519e+00,2.100031250000e+01,5.209769417677e-02,2.089085389144e+01,5.736082727801e-02
4.761026859283e+00,2.114228906250e+01,5.231495277186e-02,2.103215775799e+01,5.781607610782e-02
4.780798435211e+00,2.128426171875e+01,5.253220612737e-02,2.117345821676e+01,5.827131395851e-02
4.800570487976e+00,2.142623828125e+01,5.274946472246e-02,2.131476207849e+01,5.872656278831e-02
4.820342063904e+00,2.156821093750e+01,5.296671807797e-02,2.145606255174e+01,5.918180063900e-02
4.840114116669e+00,2.171018750000e+01,5.318397667306e-02,2.159736645691e+01,5.963704946881e-02
4.859886169434e+00,2.185216406250e+01,5.340123526814e-02,2.173867034277e+01,6.009229829861e-02
4.879657745361e+00,2.199413671875e+01,5.361848862366e-02,2.187997080154e+01,6.054753614930e-02
4.899429798126e+00,2.213611328125e+01,5.383574721874e-02,2.202127469223e+01,6.100278497911e-02
4.919201850891e+00,2.227808984375e+01,5.405300581382e-02,2.216257857809e+01,6.145803380891e-02
4.938973426819e+00,2.242006250000e+01,5.427025916934e-02,2.230387903203e+01,6.191327165960e-02
4.958745479584e+00,2.256203906250e+01,5.448751776442e-02,2.244518289376e+01,6.236852048941e-02
4.978517055511e+00,2.270401171875e+01,5.470477111994e-02,2.258648336701e+01,6.282375834010e-02
4.998289108276e+00,2.284598828125e+01,5.492202971502e-02,2.272778727218e+01,6.327900716990e-02
5.018061161041e+00,2.298796484375e+01,5.513928831010e-02,2.286909117735e+01,6.373425599970e-02
5.037832736969e+00,2.312993750000e+01,5.535654166562e-02,2.301039167473e+01,6.418949385040e-02
5.057604789734e+00,2.327189257813e+01,5.557380026070e-02,2.315169557990e+01,6.462288229562e-02
5.077376365662e+00,2.341370312500e+01,5.579105361622e-02,2.329299607729e+01,6.491609854568e-02
5.109066486359e+00,2.364019726563e+01,5.613926991841e-02,2.351897968966e+01,6.507814093642e-02
5.140756607056e+00,2.386458593750e+01,5.648748622061e-02,2.374299795750e+01,6.510000589941e-02
5.172446727753e+00,2.408507226563e+01,5.683570252281e-02,2.396313648340e+01,6.510000589941e-02
5.204137325287e+00,2.429986718750e+01,5.718392406457e-02,2.417758364665e+01,6.510000589941e-02
5.235827445984e+00,2.450729492188e+01,5.753214036677e-02,2.438466202082e+01,6.510000589941e-02
5.267517566681e+00,2.470586718750e+01,5.788035666896e-02,2.458288572963e+01,6.510000589941e-02
5.299207687378e+00,2.489430664063e+01,5.822857297116e-02,2.477097787628e+01,6.510000589941e-02
5.330897808075e+00,2.507157226563e+01,5.857678927336e-02,2.494789547982e+01,6.510000589941e-02
5.362587928772e+00,2.523686718750e+01,5.892500557555e-02,2.511284209383e+01,6.510000589941e-02
5.394278049469e+00,2.538964453125e+01,5.927322187775e-02,2.526527138870e+01,6.510000589941e-02
5.425968170166e+00,2.552960351562e+01,5.962143817995e-02,2.540488219996e+01,6.510000589941e-02
5.457658290863e+00,2.565667578125e+01,5.996965448214e-02,2.553160598689e+01,6.510000589941e-02
5.489348411560e+00,2.577100585937e+01,6.031787078434e-02,2.564558791979e+01,6.510000589941e-02
5.521038532257e+00,2.587292968750e+01,6.066608708654e-02,2.574716300410e+01,6.510000589941e-02
5.552728652954e+00,2.596294335938e+01,6.101430338873e-02,2.583682869193e+01,6.510000589941e-02
5.584418773651e+00,2.604167773437e+01,6.136251969093e-02,2.591521557877e+01,6.510000589941e-02
5.616108894348e+00,2.610986718750e+01,6.171073599313e-02,2.598305748703e+01,6.510000589941e-02
5.647799015045e+00,2.616832031250e+01,6.205895229532e-02,2.604116220146e+01,6.510000589941e-02
5.679489135742e+00,2.621789062500e+01,6.240716859752e-02,2.609038390852e+01,6.510000589941e-02
5.711179256439e+00,2.625945312500e+01,6.275538489972e-02,2.613159805554e+01,6.510000589941e-02
5.742869377136e+00,2.629388281250e+01,6.310360120191e-02,2.616567927457e+01,6.510000589941e-02
5.774559497833e+00,2.632203515625e+01,6.345181750411e-02,2.619348264181e+01,6.510000589941e-02
5.806249618530e+00,2.634472851563e+01,6.380003380631e-02,2.621582838478e+01,6.510000589941e-02
5.837939739227e+00,2.636273828125e+01,6.414825010851e-02,2.623349004445e+01,6.510000589941e-02
5.869629859924e+00,2.637678320313e+01,6.449646641070e-02,2.624718586607e+01,6.510000589941e-02
5.901319980621e+00,2.638751757812e+01,6.484468271290e-02,2.625757312517e+01,6.510000589941e-02
5.933010101318e+00,2.639553710937e+01,6.519289901510e-02,2.626524507704e+01,6.510000589941e-02
5.964700698853e+00,2.640137109375e+01,6.554112055686e-02,2.627073019114e+01,6.510000589941e-02
5.996390819550e+00,2.640548242187e+01,6.588933685905e-02,2.627449278526e+01,6.510000589941e-02
6.028080940247e+00,2.640827343750e+01,6.623755316125e-02,2.627693593044e+01,6.510000589941e-02
6.059771060944e+00,2.641008984375e+01,6.658576946345e-02,2.627840459359e+01,6.510000589941e-02
6.091461181641e+00,2.641122460938e+01,6.693398576565e-02,2.627918994471e+01,6.510000589941e-02
6.123151302338e+00,2.641191601562e+01,6.728220206784e-02,2.627953405429e+01,6.510000589941e-02
6.154841423035e+00,2.641236523437e+01,6.763041837004e-02,2.627963482552e+01,6.510000589941e-02
6.186531543732e+00,2.641272851562e+01,6.797863467224e-02,2.627965096837e+01,6.510000589941e-02
6.218221664429e+00,2.641313281250e+01,6.832685097443e-02,2.627970686583e+01,6.510000589941e-02
6.249911785126e+00,2.641367187500e+01,6.867506727663e-02,2.627989722268e+01,6.510000589941e-02
6.281601905823e+00,2.641441406250e+01,6.902328357883e-02,2.628029141457e+01,6.510000589941e-02
6.313292026520e+00,2.641540820313e+01,6.937149988102e-02,2.628093748726e+01,6.510000589941e-02
6.344982147217e+00,2.641668554688e+01,6.971971618322e-02,2.628186577548e+01,6.510000589941e-02
6.376672267914e+00,2.641825976562e+01,7.006793248542e-02,2.628309213428e+01,6.510000589941e-02
6.408362388611e+00,2.642013671875e+01,7.041614878761e-02,2.628462078712e+01,6.510000589941e-02
6.440052509308e+00,2.642231054687e+01,7.076436508981e-02,2.628644680297e+01,6.510000589941e-02
6.471742630005e+00,2.642477148438e+01,7.111258139201e-02,2.628855822604e+01,6.510000589941e-02
6.503432750702e+00,2.642749804688e+01,7.146079769420e-02,2.629093788617e+01,6.510000589941e-02
6.535122871399e+00,2.643047460938e+01,7.180901399640e-02,2.629356491695e+01,6.510000589941e-02
6.566812992096e+00,2.643367382812e+01,7.215723029860e-02,2.629641601417e+01,6.510000589941e-02
6.598503112793e+00,2.643707226563e+01,7.250544660079e-02,2.629946646476e+01,6.510000589941e-02
6.630193233490e+00,2.644064453125e+01,7.285366290299e-02,2.630269097431e+01,6.510000589941e-02
6.661883354187e+00,2.644436523437e+01,7.320187920519e-02,2.630606432180e+01,6.510000589941e-02
6.693573474884e+00,2.644821093750e+01,7.355009550738e-02,2.630956186585e+01,6.510000589941e-02
6.725264072418e+00,2.645215820312e+01,7.389831704915e-02,2.631315997933e+01,6.510000589941e-02
6.756954193115e+00,2.645618164063e+01,7.424653335134e-02,2.631683610961e+01,6.510000589941e-02
6.788644313812e+00,2.646026367188e+01,7.459474965354e-02,2.632056929478e+01,6.510000589941e-02
6.820334434509e+00,2.646438281250e+01,7.494296595574e-02,2.632434006663e+01,6.510000589941e-02
6.852024555206e+00,2.646852148437e+01,7.529118225793e-02,2.632813056757e+01,6.510000589941e-02
6.883714675903e+00,2.647266406250e+01,7.563939856013e-02,2.633192456845e+01,6.510000589941e-02
6.915404796600e+00,2.647679492188e+01,7.598761486233e-02,2.633570745246e+01,6.510000589941e-02
6.947094917297e+00,2.648090234375e+01,7.633583116452e-02,2.633946617115e+01,6.510000589941e-02
6.978785037994e+00,2.648497265625e+01,7.668404746672e-02,2.634318918092e+01,6.510000589941e-02
7.010475158691e+00,2.648899804688e+01,7.703226376892e-02,2.634686636595e+01,6.510000589941e-02
7.042165279388e+00,2.649296875000e+01,7.738048007111e-02,2.635048895169e+01,6.510000589941e-02
7.073855400085e+00,2.649687890625e+01,7.772869637331e-02,2.635404941262e+01,6.510000589941e-02
7.105545520782e+00,2.650071875000e+01,7.807691267551e-02,2.635754137756e+01,6.510000589941e-02
7.137235641479e+00,2.650448437500e+01,7.842512897770e-02,2.636095953445e+01,6.510000589941e-02
7.168925762177e+00,2.650817187500e+01,7.877334527990e-02,2.636429953661e+01,6.510000589941e-02
7.200615882874e+00,2.651177929688e+01,7.912156158210e-02,2.636755791348e+01,6.510000589941e-02
7.232306003571e+00,2.651530078125e+01,7.946977788429e-02,2.637073198352e+01,6.510000589941e-02
7.263996124268e+00,2.651873828125e+01,7.981799418649e-02,2.637381977140e+01,6.510000589941e-02
7.295686244965e+00,2.652208593750e+01,8.016621048869e-02,2.637681993188e+01,6.510000589941e-02
7.327376365662e+00,2.652534570313e+01,8.051442679088e-02,2.637973167775e+01,6.510000589941e-02
