time_s,mean_velocity_m_per_s,bend_inboard_velocity_m_per_s,bend_outboard_velocity_m_per_s,pressure_drop_pa,relative_update,courant
0.000000000000e+00,0.000000000000e+00,0.000000000000e+00,0.000000000000e+00,0.000000000000e+00,1.000000000000e+00,0.000000000000e+00
5.000000000000e-02,1.933668315304e-02,1.826333274319e-02,1.968870207922e-02,2.540330024256e+03,1.008572112586e+00,4.931866702458e-02
1.000000000000e-01,3.680856549612e-02,3.475763256553e-02,3.747030633371e-02,4.837403120149e+03,4.790772436941e-01,9.391270795546e-02
1.500000000000e-01,5.259478214480e-02,4.965996191050e-02,5.353569411837e-02,6.914702126251e+03,3.029543381621e-01,1.342068793824e-01
2.000000000000e-01,6.685686766238e-02,6.312340954567e-02,6.804990207678e-02,8.792918179876e+03,2.153190140174e-01,1.706110215157e-01
2.500000000000e-01,7.974107095089e-02,7.528609104739e-02,8.116182507237e-02,1.049084666043e+04,1.630881481958e-01,2.034982184574e-01
3.000000000000e-01,9.137978864277e-02,8.627300299865e-02,9.300621509806e-02,1.202557333315e+04,1.285591886507e-01,2.332063723912e-01
3.500000000000e-01,1.018928393790e-01,9.619726315186e-02,1.037050182278e-01,1.341261319491e+04,1.041440223533e-01,2.600412986045e-01
4.000000000000e-01,1.113886284790e-01,1.051612130013e-01,1.133685632402e-01,1.466604253884e+04,8.604793723117e-02,2.842796855161e-01
4.500000000000e-01,1.199652118134e-01,1.132574226339e-01,1.220966448925e-01,1.579862379898e+04,7.216226551022e-02,3.061718084323e-01
5.000000000000e-01,1.277112657207e-01,1.205696066403e-01,1.299795113154e-01,1.682192199322e+04,6.122140675312e-02,3.259440044456e-01
5.500000000000e-01,1.347069699223e-01,1.271734578300e-01,1.370987627947e-01,1.774641244060e+04,5.241964997925e-02,3.438009254527e-01
6.000000000000e-01,1.410248102996e-01,1.331374052505e-01,1.435281689513e-01,1.858157989633e+04,4.521958233854e-02,3.599275867390e-01
6.500000000000e-01,1.467303081298e-01,1.385233027461e-01,1.493344110382e-01,1.933600947087e+04,3.924892334539e-02,3.744912279427e-01
7.000000000000e-01,1.518826820117e-01,1.433870539462e-01,1.545777557066e-01,2.001746980303e+04,3.424157226326e-02,3.876430022903e-01
7.500000000000e-01,1.565354483124e-01,1.477791791908e-01,1.593126661773e-01,2.063298900006e+04,3.000223596847e-02,3.995195089693e-01
8.000000000000e-01,1.607369655467e-01,1.517453295100e-01,1.635883563338e-01,2.118892386727e+04,2.638432085725e-02,4.102441824450e-01
8.500000000000e-01,1.645309276967e-01,1.553267523840e-01,1.674492928331e-01,2.169102294135e+04,2.327562710413e-02,4.199285514864e-01
9.000000000000e-01,1.679568110753e-01,1.585607136376e-01,1.709356499264e-01,2.214448382224e+04,2.058881097387e-02,4.286733796522e-01
9.500000000000e-01,1.710502789678e-01,1.614808794636e-01,1.740837212986e-01,2.255400527346e+04,1.825485847761e-02,4.365696980299e-01
1.000000000000e+00,1.738435479231e-01,1.641176622367e-01,1.769262928707e-01,2.292383453252e+04,1.621851634473e-02,4.436997401115e-01
1.050000000000e+00,1.763657192401e-01,1.664985334632e-01,1.794929801740e-01,2.325781024409e+04,1.443502781838e-02,4.501377878463e-01
1.100000000000e+00,1.786430788813e-01,1.686483069208e-01,1.818105335877e-01,2.355940139879e+04,1.286775805719e-02,4.559509371196e-01
1.150000000000e+00,1.806993687621e-01,1.705893947718e-01,1.839031144406e-01,2.383174263176e+04,1.148643835519e-02,4.611997901805e-01
1.200000000000e+00,1.825560321007e-01,1.723420391868e-01,1.857925447118e-01,2.407766620762e+04,1.026584866173e-02,4.659390818667e-01
1.250000000000e+00,1.842324352693e-01,1.739245217816e-01,1.874985328134e-01,2.429973099149e+04,9.184815656224e-03,4.702182458596e-01
1.300000000000e+00,1.857460683678e-01,1.753533529664e-01,1.890388777172e-01,2.450024868144e+04,8.225441407576e-03,4.740819266305e-01
1.350000000000e+00,1.871127265337e-01,1.766434431078e-01,1.904296534758e-01,2.468130755395e+04,7.372502831223e-03,4.775704422244e-01
1.400000000000e+00,1.883466738197e-01,1.778082572335e-01,1.916853760003e-01,2.484479395242e+04,6.612979245243e-03,4.807202025487e-01
1.450000000000e+00,1.894607912973e-01,1.788599548452e-01,1.928191537858e-01,2.499241172871e+04,5.935677111507e-03,4.835640874041e-01
1.500000000000e+00,1.904667108931e-01,1.798095162614e-01,1.938428241143e-01,2.512569982876e+04,5.330929296711e-03,4.861317880965e-01
1.550000000000e+00,1.913749363186e-01,1.806668567771e-01,1.947670761242e-01,2.524604819670e+04,4.790352041548e-03,4.884501161120e-01
1.600000000000e+00,1.921949523326e-01,1.814409298082e-01,1.956015620042e-01,2.535471215549e+04,4.306647032852e-03,4.905432820070e-01
1.650000000000e+00,1.929353234522e-01,1.821398200743e-01,1.963549974494e-01,2.545282540832e+04,3.873439032346e-03,4.924331473703e-01
1.700000000000e+00,1.936037831267e-01,1.827708277801e-01,1.970352524118e-01,2.554141179118e+04,3.485141764181e-03,4.941394524408e-01
1.750000000000e+00,1.942073142910e-01,1.833405446565e-01,1.976494330768e-01,2.562139589553e+04,3.136846433257e-03,4.956800217221e-01
1.800000000000e+00,1.947522221279e-01,1.838549226485e-01,1.982039559113e-01,2.569361266832e+04,2.824228498252e-03,4.970709497106e-01
1.850000000000e+00,1.952441997897e-01,1.843193359555e-01,1.987046145464e-01,2.575881608730e+04,2.543469270204e-03,4.983267686524e-01
1.900000000000e+00,1.956883877577e-01,1.847386370665e-01,1.991566401856e-01,2.581768699968e+04,2.291189629768e-03,4.994606000616e-01
1.950000000000e+00,1.960894274542e-01,1.851172073690e-01,1.995647561634e-01,2.587084020448e+04,2.064393711562e-03,5.004842915667e-01
2.000000000000e+00,1.964515096603e-01,1.854590028548e-01,1.999332272189e-01,2.591883085094e+04,1.860420834008e-03,5.014085405007e-01
2.050000000000e+00,1.967784182434e-01,1.857675953979e-01,2.002659039942e-01,2.596216021880e+04,1.676904288502e-03,5.022430055168e-01
2.100000000000e+00,1.970735696453e-01,1.860462100311e-01,2.005662632215e-01,2.600128093970e+04,1.511735865063e-03,5.029964073857e-01
2.150000000000e+00,1.973400485435e-01,1.862977586094e-01,2.008374440123e-01,2.603660171360e+04,1.363035199648e-03,5.036766200220e-01
2.200000000000e+00,1.975806400535e-01,1.865248702083e-01,2.010822806296e-01,2.606849156888e+04,1.229123193709e-03,5.042907526838e-01
2.250000000000e+00,1.977978588087e-01,1.867299185748e-01,2.013033320804e-01,2.609728370996e+04,1.108498888770e-03,5.048452242008e-01
2.300000000000e+00,1.979939752193e-01,1.869150469152e-01,2.015029088384e-01,2.612327899242e+04,9.998192850765e-04,5.053458300021e-01
2.350000000000e+00,1.981710391838e-01,1.870821902783e-01,2.016830969743e-01,2.614674906142e+04,9.018816792752e-04,5.057978026413e-01
2.400000000000e+00,1.983309014995e-01,1.872330957665e-01,2.018457799436e-01,2.616793918613e+04,8.136081658356e-04,5.062058664495e-01
2.450000000000e+00,1.984752331958e-01,1.873693407860e-01,2.019926582618e-01,2.618707081928e+04,7.340320039072e-04,5.065742868836e-01
2.500000000000e+00,1.986055429908e-01,1.874923495252e-01,2.021252672687e-01,2.620434390877e+04,6.622855980023e-04,5.069069150868e-01
2.550000000000e+00,1.987231930535e-01,1.876034078339e-01,2.022449931690e-01,2.621993898496e+04,5.975898794228e-04,5.072072281224e-01
2.600000000000e+00,1.988294132363e-01,1.877036766588e-01,2.023530875157e-01,2.623401904568e+04,5.392449072043e-04,5.074783653035e-01
2.650000000000e+00,1.989253139250e-01,1.877942041733e-01,2.024506802874e-01,2.624673125825e+04,4.866215338720e-04,5.077231609945e-01
2.700000000000e+00,1.990118976425e-01,1.878759367310e-01,2.025387916962e-01,2.625820849651e+04,4.391540034246e-04,5.079441742290e-01
2.750000000000e+00,1.990900695247e-01,1.879497287548e-01,2.026183428489e-01,2.626857072863e+04,3.963333675291e-04,5.081437154517e-01
2.800000000000e+00,1.991606467795e-01,1.880163516661e-01,2.026901653729e-01,2.627792627025e+04,3.577016215331e-04,5.083238706634e-01
2.850000000000e+00,1.992243672280e-01,1.880765019473e-01,2.027550101075e-01,2.628637291606e+04,3.228464751137e-04,5.084865232218e-01
2.900000000000e+00,1.992818970149e-01,1.881308084202e-01,2.028135549515e-01,2.629399896147e+04,2.913966835898e-04,5.086333735247e-01
2.950000000000e+00,1.993338375716e-01,1.881798388190e-01,2.028664119481e-01,2.630088412516e+04,2.630178754737e-04,5.087659567827e-01
3.000000000000e+00,1.993807319018e-01,1.882241057240e-01,2.029141336818e-01,2.630710038205e+04,2.374088199915e-04,5.088856590644e-01
3.050000000000e+00,1.994230702574e-01,1.882640719189e-01,2.029572190549e-01,2.631271271540e+04,2.142980853176e-04,5.089937317845e-01
3.100000000000e+00,1.994612952628e-01,1.883001552288e-01,2.029961185016e-01,2.631777979584e+04,1.934410442740e-04,5.090913047842e-01
3.150000000000e+00,1.994958065417e-01,1.883327328870e-01,2.030312386966e-01,2.632235459460e+04,1.746171894560e-04,5.091793981408e-01
3.200000000000e+00,1.995269648943e-01,1.883621454786e-01,2.030629468060e-01,2.632648493701e+04,1.576277242577e-04,5.092589328313e-01
3.250000000000e+00,1.995550960687e-01,1.883887005005e-01,2.030915743256e-01,2.633021400241e+04,1.422934001668e-04,5.093307403588e-01
3.300000000000e+00,1.995804941662e-01,1.884126755761e-01,2.031174205458e-01,2.633358077541e+04,1.284525741180e-04,5.093955714451e-01
3.350000000000e+00,1.996034247156e-01,1.884343213569e-01,2.031407556806e-01,2.633662045336e+04,1.159594626727e-04,5.094541038781e-01
3.400000000000e+00,1.996241274491e-01,1.884538641434e-01,2.031618236919e-01,2.633936481426e+04,1.046825723864e-04,5.095069495970e-01
3.450000000000e+00,1.996428188084e-01,1.884715082502e-01,2.031808448403e-01,2.634184254891e+04,9.450328802445e-05,5.095546610899e-01
3.500000000000e+00,1.996596942071e-01,1.884874381423e-01,2.031980179874e-01,2.634407956080e+04,8.531460229693e-05,5.095977371690e-01
3.550000000000e+00,1.996749300741e-01,1.885018203633e-01,2.032135226748e-01,2.634609923690e+04,7.701997254266e-05,5.096366281854e-01
3.600000000000e+00,1.996886856972e-01,1.885148052767e-01,2.032275210010e-01,2.634792269212e+04,6.953229138297e-05,5.096717407373e-01
3.650000000000e+00,1.997011048892e-01,1.885265286374e-01,2.032401593162e-01,2.634956899003e+04,6.277295972317e-05,5.097034419201e-01
3.700000000000e+00,1.997123174907e-01,1.885371130113e-01,2.032515697520e-01,2.635105534213e+04,5.667105173437e-05,5.097320631648e-01
3.750000000000e+00,1.997224407280e-01,1.885466690566e-01,2.032618716028e-01,2.635239728780e+04,5.116256251394e-05,5.097579037026e-01
3.800000000000e+00,1.997315804383e-01,1.885552966806e-01,2.032711725733e-01,2.635360885672e+04,4.618973010781e-05,5.097812336928e-01
3.850000000000e+00,1.997398321760e-01,1.885630860841e-01,2.032795699040e-01,2.635470271558e+04,4.170042443624e-05,5.098022970479e-01
3.900000000000e+00,1.997472822124e-01,1.885701187045e-01,2.032871513882e-01,2.635569030041e+04,3.764759642811e-05,5.098213139831e-01
3.950000000000e+00,1.997540084369e-01,1.885764680672e-01,2.032939962895e-01,2.635658193624e+04,3.398878135925e-05,5.098384833187e-01
4.000000000000e+00,1.997600811716e-01,1.885822005543e-01,2.033001761709e-01,2.635738694495e+04,3.068565100368e-05,5.098539845587e-01
4.050000000000e+00,1.997655639065e-01,1.885873760986e-01,2.033057556427e-01,2.635811374280e+04,2.770360974796e-05,5.098679797674e-01
4.100000000000e+00,1.997705139632e-01,1.885920488099e-01,2.033107930377e-01,2.635876992835e+04,2.501143031922e-05,5.098806152638e-01
4.150000000000e+00,1.997749830943e-01,1.885962675413e-01,2.033153410217e-01,2.635936236193e+04,2.258092520153e-05,5.098920231513e-01
4.200000000000e+00,1.997790180243e-01,1.886000763993e-01,2.033194471436e-01,2.635989723738e+04,2.038665022501e-05,5.099023226987e-01
4.250000000000e+00,1.997826609382e-01,1.886035152054e-01,2.033231543327e-01,2.636038014676e+04,1.840563715222e-05,5.099116215872e-01
4.300000000000e+00,1.997859499225e-01,1.886066199121e-01,2.033265013475e-01,2.636081613884e+04,1.661715240805e-05,5.099200170364e-01
4.350000000000e+00,1.997889193635e-01,1.886094229790e-01,2.033295231810e-01,2.636120977189e+04,1.500247938446e-05,5.099275968204e-01
4.400000000000e+00,1.997916003065e-01,1.886119537122e-01,2.033322514263e-01,2.636156516130e+04,1.354472200242e-05,5.099344401856e-01
4.450000000000e+00,1.997940207807e-01,1.886142385703e-01,2.033347146071e-01,2.636188602266e+04,1.222862744857e-05,5.099406186791e-01
4.500000000000e+00,1.997962060921e-01,1.886163014415e-01,2.033369384759e-01,2.636217571055e+04,1.104042620536e-05,5.099461968969e-01
4.550000000000e+00,1.997981790881e-01,1.886181638930e-01,2.033389462832e-01,2.636243725364e+04,9.967687681361e-06,5.099512331592e-01
4.600000000000e+00,1.997999603963e-01,1.886198453968e-01,2.033407590206e-01,2.636267338635e+04,8.999189917713e-06,5.099557801200e-01
4.650000000000e+00,1.998015686403e-01,1.886213635329e-01,2.033423956403e-01,2.636288657744e+04,8.124801989559e-06,5.099598853177e-01
4.700000000000e+00,1.998030206342e-01,1.886227341734e-01,2.033438732530e-01,2.636307905581e+04,7.335377866126e-06,5.099635916720e-01
4.750000000000e+00,1.998043315586e-01,1.886239716484e-01,2.033452073073e-01,2.636325283382e+04,6.622660609487e-06,5.099669379328e-01
4.800000000000e+00,1.998055151193e-01,1.886250888956e-01,2.033464117505e-01,2.636340972831e+04,5.979195899125e-06,5.099699590853e-01
4.850000000000e+00,1.998065836902e-01,1.886260975959e-01,2.033474991752e-01,2.636355137962e+04,5.398253980268e-06,5.099726867156e-01
4.900000000000e+00,1.998075484434e-01,1.886270082952e-01,2.033484809504e-01,2.636367926869e+04,4.873759203182e-06,5.099751493410e-01
4.950000000000e+00,1.998084194653e-01,1.886278305148e-01,2.033493673405e-01,2.636379473262e+04,4.400226425332e-06,5.099773727082e-01
5.000000000000e+00,1.998092058624e-01,1.886285728511e-01,2.033501676127e-01,2.636389897857e+04,3.972703597933e-06,5.099793800626e-01
5.050000000000e+00,1.998099158565e-01,1.886292430651e-01,2.033508901339e-01,2.636399309643e+04,3.586719939850e-06,5.099811923910e-01
5.100000000000e+00,1.998105568706e-01,1.886298481641e-01,2.033515424580e-01,2.636407807020e+04,3.238239151213e-06,5.099828286414e-01
5.150000000000e+00,1.998111356066e-01,1.886303944742e-01,2.033521314051e-01,2.636415478828e+04,2.923617181329e-06,5.099843059206e-01
5.200000000000e+00,1.998116581150e-01,1.886308877071e-01,2.033526631326e-01,2.636422405277e+04,2.639564098734e-06,5.099856396736e-01
5.250000000000e+00,1.998121298587e-01,1.886313330196e-01,2.033531431997e-01,2.636428658781e+04,2.383109673251e-06,5.099868438449e-01
5.300000000000e+00,1.998125557698e-01,1.886317350675e-01,2.033535766256e-01,2.636434304722e+04,2.151572302702e-06,5.099879310241e-01
5.350000000000e+00,1.998129403012e-01,1.886320980541e-01,2.033539679416e-01,2.636439402127e+04,1.942530960833e-06,5.099889125775e-01
5.400000000000e+00,1.998132874732e-01,1.886324257744e-01,2.033543212390e-01,2.636444004290e+04,1.753799873852e-06,5.099897987674e-01
5.450000000000e+00,1.998136009154e-01,1.886327216549e-01,2.033546402116e-01,2.636448159327e+04,1.583405657347e-06,5.099905988589e-01
5.500000000000e+00,1.998138839049e-01,1.886329887888e-01,2.033549281941e-01,2.636451910678e+04,1.429566674636e-06,5.099913212168e-01
5.550000000000e+00,1.998141394004e-01,1.886332299692e-01,2.033551881975e-01,2.636455297563e+04,1.290674405917e-06,5.099919733936e-01
5.600000000000e+00,1.998143700730e-01,1.886334477175e-01,2.033554229401e-01,2.636458355394e+04,1.165276623362e-06,5.099925622076e-01
5.650000000000e+00,1.998145783344e-01,1.886336443103e-01,2.033556348761e-01,2.636461116138e+04,1.052062203483e-06,5.099930938150e-01
5.700000000000e+00,1.998147663621e-01,1.886338218030e-01,2.033558262212e-01,2.636463608660e+04,9.498474174680e-07,5.099935737736e-01
5.750000000000e+00,1.998149361217e-01,1.886339820512e-01,2.033559989761e-01,2.636465859020e+04,8.575635499656e-07,5.099940071015e-01
5.800000000000e+00,1.998150893883e-01,1.886341267304e-01,2.033561549469e-01,2.636467890744e+04,7.742457250027e-07,5.099943983291e-01
5.850000000000e+00,1.998152277641e-01,1.886342573532e-01,2.033562957642e-01,2.636469725075e+04,6.990228157052e-07,5.099947515467e-01
5.900000000000e+00,1.998153526959e-01,1.886343752853e-01,2.033564229003e-01,2.636471381189e+04,6.311083333810e-07,5.099950704472e-01
5.950000000000e+00,1.998154654898e-01,1.886344817595e-01,2.033565376844e-01,2.636472876403e+04,5.697922065599e-07,5.099953583646e-01
6.000000000000e+00,1.998155673252e-01,1.886345778892e-01,2.033566413165e-01,2.636474226348e+04,5.144333532365e-07,5.099956183093e-01
6.050000000000e+00,1.998156592667e-01,1.886346646793e-01,2.033567348802e-01,2.636475445138e+04,4.644529793030e-07,5.099958529988e-01
6.100000000000e+00,1.998157422756e-01,1.886347430373e-01,2.033568193536e-01,2.636476545516e+04,4.193285257506e-07,5.099960648868e-01
6.150000000000e+00,1.998158172196e-01,1.886348137823e-01,2.033568956200e-01,2.636477538985e+04,3.785882044543e-07,5.099962561888e-01
6.200000000000e+00,1.998158848824e-01,1.886348776541e-01,2.033569644766e-01,2.636478435934e+04,3.418060659717e-07,5.099964289046e-01
6.250000000000e+00,1.998159459714e-01,1.886349353203e-01,2.033570266435e-01,2.636479245738e+04,3.085975452958e-07,5.099965848401e-01
6.300000000000e+00,1.998160011252e-01,1.886349873839e-01,2.033570827704e-01,2.636479976866e+04,2.786154408117e-07,5.099967256256e-01
6.350000000000e+00,1.998160509206e-01,1.886350343893e-01,2.033571334443e-01,2.636480636960e+04,2.515462846293e-07,5.099968527329e-01
6.400000000000e+00,1.998160958780e-01,1.886350768278e-01,2.033571791950e-01,2.636481232922e+04,2.271070639939e-07,5.099969674911e-01
6.450000000000e+00,1.998161364675e-01,1.886351151432e-01,2.033572205007e-01,2.636481770983e+04,2.050422638983e-07,5.099970710998e-01
6.500000000000e+00,1.998161731136e-01,1.886351497360e-01,2.033572577933e-01,2.636482256769e+04,1.851211939389e-07,5.099971646423e-01
6.550000000000e+00,1.998162061992e-01,1.886351809679e-01,2.033572914627e-01,2.636482695357e+04,1.671355764875e-07,5.099972490967e-01
6.600000000000e+00,1.998162360704e-01,1.886352091655e-01,2.033573218610e-01,2.636483091335e+04,1.508973706131e-07,5.099973253458e-01
6.650000000000e+00,1.998162630395e-01,1.886352346235e-01,2.033573493059e-01,2.636483448840e+04,1.362368041083e-07,5.099973941869e-01
6.700000000000e+00,1.998162873883e-01,1.886352576081e-01,2.033573740843e-01,2.636483771612e+04,1.230005994458e-07,5.099974563397e-01
6.750000000000e+00,1.998163093715e-01,1.886352783596e-01,2.033573964554e-01,2.636484063025e+04,1.110503708816e-07,5.099975124539e-01
6.800000000000e+00,1.998163292189e-01,1.886352970950e-01,2.033574166530e-01,2.636484326125e+04,1.002611778401e-07,5.099975631164e-01
6.850000000000e+00,1.998163471381e-01,1.886353140101e-01,2.033574348883e-01,2.636484563664e+04,9.052021943612e-08,5.099976088567e-01
6.900000000000e+00,1.998163633163e-01,1.886353292819e-01,2.033574513519e-01,2.636484778124e+04,8.172565249286e-08,5.099976501530e-01
6.950000000000e+00,1.998163779226e-01,1.886353430699e-01,2.033574662160e-01,2.636484971749e+04,7.378552944190e-08,5.099976874372e-01
7.000000000000e+00,1.998163911099e-01,1.886353555183e-01,2.033574796360e-01,2.636485146561e+04,6.661683596259e-08,5.099977210990e-01
7.050000000000e+00,1.998164030160e-01,1.886353667573e-01,2.033574917521e-01,2.636485304390e+04,6.014462308161e-08,5.099977514904e-01
7.100000000000e+00,1.998164137653e-01,1.886353769043e-01,2.033575026911e-01,2.636485446884e+04,5.430122400860e-08,5.099977789291e-01
7.150000000000e+00,1.998164234703e-01,1.886353860655e-01,2.033575125673e-01,2.636485575535e+04,4.902554515012e-08,5.099978037020e-01
7.200000000000e+00,1.998164322323e-01,1.886353943367e-01,2.033575214839e-01,2.636485691686e+04,4.426242921794e-08,5.099978260680e-01
7.250000000000e+00,1.998164401431e-01,1.886354018042e-01,2.033575295343e-01,2.636485796553e+04,3.996207765197e-08,5.099978462610e-01
7.300000000000e+00,1.998164472853e-01,1.886354085463e-01,2.033575368025e-01,2.636485891231e+04,3.607953055153e-08,5.099978644922e-01
7.350000000000e+00,1.998164537336e-01,1.886354146333e-01,2.033575433646e-01,2.636485976711e+04,3.257419522487e-08,5.099978809521e-01
7.400000000000e+00,1.998164595554e-01,1.886354201289e-01,2.033575492891e-01,2.636486053885e+04,2.940942391223e-08,5.099978958128e-01
7.450000000000e+00,1.998164648116e-01,1.886354250906e-01,2.033575546381e-01,2.636486123562e+04,2.655212845862e-08,5.099979092297e-01
7.500000000000e+00,1.998164695571e-01,1.886354295702e-01,2.033575594673e-01,2.636486186469e+04,2.397243554762e-08,5.099979213431e-01
7.550000000000e+00,1.998164738416e-01,1.886354336146e-01,2.033575638274e-01,2.636486243265e+04,2.164337513421e-08,5.099979322796e-01
7.600000000000e+00,1.998164777098e-01,1.886354372661e-01,2.033575677638e-01,2.636486294542e+04,1.954059624235e-08,5.099979421536e-01
7.650000000000e+00,1.998164812022e-01,1.886354405628e-01,2.033575713178e-01,2.636486340838e+04,1.764211443346e-08,5.099979510683e-01
7.700000000000e+00,1.998164843553e-01,1.886354435392e-01,2.033575745265e-01,2.636486382636e+04,1.592808122211e-08,5.099979591168e-01
7.750000000000e+00,1.998164872020e-01,1.886354462265e-01,2.033575774235e-01,2.636486420373e+04,1.438057613370e-08,5.099979663834e-01
7.800000000000e+00,1.998164897722e-01,1.886354486526e-01,2.033575800390e-01,2.636486454443e+04,1.298342043146e-08,5.099979729440e-01
7.850000000000e+00,1.998164920926e-01,1.886354508431e-01,2.033575824004e-01,2.636486485203e+04,1.172200612326e-08,5.099979788672e-01
7.900000000000e+00,1.998164941876e-01,1.886354528207e-01,2.033575845324e-01,2.636486512975e+04,1.058314552654e-08,5.099979842149e-01
7.950000000000e+00,1.998164960791e-01,1.886354546062e-01,2.033575864572e-01,2.636486538049e+04,9.554932084683e-09,5.099979890430e-01
8.000000000000e+00,1.998164977868e-01,1.886354562182e-01,2.033575881951e-01,2.636486560686e+04,8.626615212890e-09,5.099979934021e-01
8.050000000000e+00,1.998164993286e-01,1.886354576736e-01,2.033575897641e-01,2.636486581124e+04,7.788489729252e-09,5.099979973377e-01
8.100000000000e+00,1.998165007206e-01,1.886354589876e-01,2.033575911806e-01,2.636486599577e+04,7.031793342331e-09,5.099980008909e-01
8.150000000000e+00,1.998165019774e-01,1.886354601740e-01,2.033575924595e-01,2.636486616237e+04,6.348614140007e-09,5.099980040989e-01
8.200000000000e+00,1.998165031120e-01,1.886354612450e-01,2.033575936142e-01,2.636486631278e+04,5.731809468587e-09,5.099980069952e-01
8.250000000000e+00,1.998165041364e-01,1.886354622121e-01,2.033575946567e-01,2.636486644858e+04,5.174931201604e-09,5.099980096101e-01
8.300000000000e+00,1.998165050613e-01,1.886354630851e-01,2.033575955979e-01,2.636486657118e+04,4.672156842658e-09,5.099980119710e-01
8.350000000000e+00,1.998165058963e-01,1.886354638734e-01,2.033575964477e-01,2.636486668187e+04,4.218229934937e-09,5.099980141025e-01
8.400000000000e+00,1.998165066502e-01,1.886354645850e-01,2.033575972149e-01,2.636486678181e+04,3.808404360106e-09,5.099980160269e-01
8.450000000000e+00,1.998165073309e-01,1.886354652276e-01,2.033575979075e-01,2.636486687204e+04,3.438395999195e-09,5.099980177643e-01
8.500000000000e+00,1.998165079454e-01,1.886354658076e-01,2.033575985329e-01,2.636486695350e+04,3.104336060357e-09,5.099980193329e-01
8.550000000000e+00,1.998165085002e-01,1.886354663314e-01,2.033575990975e-01,2.636486702705e+04,2.802731907528e-09,5.099980207492e-01
8.600000000000e+00,1.998165090012e-01,1.886354668042e-01,2.033575996073e-01,2.636486709345e+04,2.530430528292e-09,5.099980220278e-01
8.650000000000e+00,1.998165094534e-01,1.886354672311e-01,2.033576000675e-01,2.636486715340e+04,2.284584363147e-09,5.099980231822e-01
8.700000000000e+00,1.998165098617e-01,1.886354676166e-01,2.033576004830e-01,2.636486720753e+04,2.062624080040e-09,5.099980242245e-01
8.750000000000e+00,1.998165102304e-01,1.886354679646e-01,2.033576008582e-01,2.636486725640e+04,1.862228154081e-09,5.099980251655e-01
8.800000000000e+00,1.998165105632e-01,1.886354682787e-01,2.033576011969e-01,2.636486730052e+04,1.681302031733e-09,5.099980260150e-01
8.850000000000e+00,1.998165108637e-01,1.886354685624e-01,2.033576015027e-01,2.636486734035e+04,1.517953822370e-09,5.099980267821e-01
8.900000000000e+00,1.998165111350e-01,1.886354688185e-01,2.033576017787e-01,2.636486737632e+04,1.370475823857e-09,5.099980274746e-01
8.950000000000e+00,1.998165113799e-01,1.886354690497e-01,2.033576020280e-01,2.636486740878e+04,1.237326325946e-09,5.099980280998e-01
9.000000000000e+00,1.998165116011e-01,1.886354692585e-01,2.033576022530e-01,2.636486743810e+04,1.117112941634e-09,5.099980286643e-01
9.050000000000e+00,1.998165118007e-01,1.886354694469e-01,2.033576024562e-01,2.636486746457e+04,1.008578855529e-09,5.099980291739e-01
9.100000000000e+00,1.998165119810e-01,1.886354696171e-01,2.033576026397e-01,2.636486748846e+04,9.105896278397e-10,5.099980296341e-01
9.150000000000e+00,1.998165121437e-01,1.886354697707e-01,2.033576028053e-01,2.636486751003e+04,8.221206928968e-10,5.099980300495e-01
9.200000000000e+00,1.998165122907e-01,1.886354699094e-01,2.033576029548e-01,2.636486752951e+04,7.422468023427e-10,5.099980304245e-01
9.250000000000e+00,1.998165124233e-01,1.886354700346e-01,2.033576030898e-01,2.636486754710e+04,6.701334130015e-10,5.099980307632e-01
9.300000000000e+00,1.998165125431e-01,1.886354701477e-01,2.033576032117e-01,2.636486756297e+04,6.050259911668e-10,5.099980310689e-01
9.350000000000e+00,1.998165126512e-01,1.886354702498e-01,2.033576033217e-01,2.636486757731e+04,5.462441785777e-10,5.099980313449e-01
9.400000000000e+00,1.998165127488e-01,1.886354703419e-01,2.033576034211e-01,2.636486759025e+04,4.931734580980e-10,5.099980315941e-01
9.450000000000e+00,1.998165128370e-01,1.886354704251e-01,2.033576035108e-01,2.636486760193e+04,4.452590418812e-10,5.099980318191e-01
9.500000000000e+00,1.998165129166e-01,1.886354705003e-01,2.033576035917e-01,2.636486761248e+04,4.019993428205e-10,5.099980320222e-01
9.550000000000e+00,1.998165129884e-01,1.886354705681e-01,2.033576036649e-01,2.636486762201e+04,3.629430575357e-10,5.099980322056e-01
9.600000000000e+00,1.998165130533e-01,1.886354706293e-01,2.033576037309e-01,2.636486763061e+04,3.276808320544e-10,5.099980323712e-01
9.650000000000e+00,1.998165131118e-01,1.886354706846e-01,2.033576037905e-01,2.636486763837e+04,2.958447061898e-10,5.099980325207e-01
9.700000000000e+00,1.998165131647e-01,1.886354707345e-01,2.033576038443e-01,2.636486764538e+04,2.671017238959e-10,5.099980326557e-01
9.750000000000e+00,1.998165132125e-01,1.886354707796e-01,2.033576038929e-01,2.636486765171e+04,2.411511551614e-10,5.099980327775e-01
9.800000000000e+00,1.998165132556e-01,1.886354708203e-01,2.033576039367e-01,2.636486765742e+04,2.177219957130e-10,5.099980328875e-01
9.850000000000e+00,1.998165132945e-01,1.886354708570e-01,2.033576039763e-01,2.636486766258e+04,1.965692165724e-10,5.099980329869e-01
9.900000000000e+00,1.998165133296e-01,1.886354708901e-01,2.033576040121e-01,2.636486766724e+04,1.774714026652e-10,5.099980330765e-01
9.950000000000e+00,1.998165133613e-01,1.886354709201e-01,2.033576040444e-01,2.636486767144e+04,1.602288081469e-10,5.099980331575e-01
1.000000000000e+01,1.998165133900e-01,1.886354709471e-01,2.033576040735e-01,2.636486767524e+04,1.446616895387e-10,5.099980332306e-01
1.005000000000e+01,1.998165134158e-01,1.886354709715e-01,2.033576040998e-01,2.636486767866e+04,1.306069719997e-10,5.099980332966e-01
1.010000000000e+01,1.998165134391e-01,1.886354709936e-01,2.033576041236e-01,2.636486768176e+04,1.179181104220e-10,5.099980333562e-01
1.015000000000e+01,1.998165134602e-01,1.886354710135e-01,2.033576041450e-01,2.636486768455e+04,1.064613389869e-10,5.099980334100e-01
1.020000000000e+01,1.998165134793e-01,1.886354710314e-01,2.033576041644e-01,2.636486768708e+04,9.611803255485e-11,5.099980334586e-01
1.025000000000e+01,1.998165134964e-01,1.886354710476e-01,2.033576041818e-01,2.636486768935e+04,8.677956716947e-11,5.099980335024e-01
1.030000000000e+01,1.998165135119e-01,1.886354710623e-01,2.033576041976e-01,2.636486769141e+04,7.834843129947e-11,5.099980335420e-01
1.035000000000e+01,1.998165135259e-01,1.886354710755e-01,2.033576042119e-01,2.636486769326e+04,7.073655897512e-11,5.099980335777e-01
1.040000000000e+01,1.998165135386e-01,1.886354710874e-01,2.033576042247e-01,2.636486769494e+04,6.386407964028e-11,5.099980336100e-01
1.045000000000e+01,1.998165135500e-01,1.886354710982e-01,2.033576042364e-01,2.636486769645e+04,5.765917924715e-11,5.099980336391e-01
1.050000000000e+01,1.998165135603e-01,1.886354711079e-01,2.033576042468e-01,2.636486769782e+04,5.205740572965e-11,5.099980336654e-01
1.055000000000e+01,1.998165135696e-01,1.886354711167e-01,2.033576042563e-01,2.636486769905e+04,4.699972432900e-11,5.099980336892e-01
1.060000000000e+01,1.998165135780e-01,1.886354711246e-01,2.033576042649e-01,2.636486770017e+04,4.243348993090e-11,5.099980337106e-01
1.065000000000e+01,1.998165135856e-01,1.886354711318e-01,2.033576042726e-01,2.636486770117e+04,3.831078020180e-11,5.099980337300e-01
1.070000000000e+01,1.998165135924e-01,1.886354711383e-01,2.033576042796e-01,2.636486770208e+04,3.458867339948e-11,5.099980337475e-01
1.075000000000e+01,1.998165135986e-01,1.886354711441e-01,2.033576042858e-01,2.636486770290e+04,3.122813713054e-11,5.099980337633e-01
1.080000000000e+01,1.998165136042e-01,1.886354711494e-01,2.033576042915e-01,2.636486770364e+04,2.819416725569e-11,5.099980337775e-01
1.085000000000e+01,1.998165136092e-01,1.886354711541e-01,2.033576042967e-01,2.636486770431e+04,2.545495445793e-11,5.099980337904e-01
1.090000000000e+01,1.998165136138e-01,1.886354711584e-01,2.033576043013e-01,2.636486770491e+04,2.298188424247e-11,5.099980338020e-01
1.095000000000e+01,1.998165136179e-01,1.886354711623e-01,2.033576043055e-01,2.636486770545e+04,2.074912022081e-11,5.099980338125e-01
1.100000000000e+01,1.998165136216e-01,1.886354711658e-01,2.033576043092e-01,2.636486770595e+04,1.873304848949e-11,5.099980338219e-01
1.105000000000e+01,1.998165136250e-01,1.886354711690e-01,2.033576043126e-01,2.636486770639e+04,1.691311106199e-11,5.099980338305e-01
1.110000000000e+01,1.998165136280e-01,1.886354711718e-01,2.033576043157e-01,2.636486770679e+04,1.526986119429e-11,5.099980338382e-01
1.115000000000e+01,1.998165136307e-01,1.886354711744e-01,2.033576043185e-01,2.636486770715e+04,1.378621353271e-11,5.099980338452e-01
1.120000000000e+01,1.998165136332e-01,1.886354711767e-01,2.033576043210e-01,2.636486770748e+04,1.244661068206e-11,5.099980338514e-01
1.125000000000e+01,1.998165136354e-01,1.886354711788e-01,2.033576043233e-01,2.636486770777e+04,1.123771773214e-11,5.099980338571e-01
1.130000000000e+01,1.998165136374e-01,1.886354711807e-01,2.033576043253e-01,2.636486770804e+04,1.014592196216e-11,5.099980338622e-01
1.135000000000e+01,1.998165136392e-01,1.886354711824e-01,2.033576043272e-01,2.636486770828e+04,9.159833136345e-12,5.099980338669e-01
1.140000000000e+01,1.998165136409e-01,1.886354711840e-01,2.033576043288e-01,2.636486770850e+04,8.270283503941e-12,5.099980338711e-01
1.145000000000e+01,1.998165136423e-01,1.886354711854e-01,2.033576043303e-01,2.636486770869e+04,7.466716261065e-12,5.099980338748e-01
1.150000000000e+01,1.998165136437e-01,1.886354711866e-01,2.033576043317e-01,2.636486770887e+04,6.741213804802e-12,5.099980338782e-01
1.155000000000e+01,1.998165136449e-01,1.886354711878e-01,2.033576043329e-01,2.636486770903e+04,6.086136342866e-12,5.099980338813e-01
1.160000000000e+01,1.998165136460e-01,1.886354711888e-01,2.033576043340e-01,2.636486770917e+04,5.495094230799e-12,5.099980338841e-01
1.165000000000e+01,1.998165136469e-01,1.886354711897e-01,2.033576043350e-01,2.636486770930e+04,4.961142202888e-12,5.099980338866e-01
1.170000000000e+01,1.998165136478e-01,1.886354711905e-01,2.033576043359e-01,2.636486770942e+04,4.479140762505e-12,5.099980338889e-01
1.175000000000e+01,1.998165136486e-01,1.886354711913e-01,2.033576043367e-01,2.636486770953e+04,4.043950413021e-12,5.099980338909e-01
1.180000000000e+01,1.998165136493e-01,1.886354711920e-01,2.033576043375e-01,2.636486770962e+04,3.651126184381e-12,5.099980338927e-01
1.185000000000e+01,1.998165136500e-01,1.886354711926e-01,2.033576043381e-01,2.636486770971e+04,3.296362011842e-12,5.099980338944e-01
1.190000000000e+01,1.998165136506e-01,1.886354711932e-01,2.033576043387e-01,2.636486770979e+04,2.976185262547e-12,5.099980338959e-01
1.195000000000e+01,1.998165136511e-01,1.886354711937e-01,2.033576043393e-01,2.636486770986e+04,2.687123303642e-12,5.099980338973e-01
1.200000000000e+01,1.998165136516e-01,1.886354711941e-01,2.033576043398e-01,2.636486770992e+04,2.425842407582e-12,5.099980338985e-01
1.205000000000e+01,1.998165136520e-01,1.886354711945e-01,2.033576043402e-01,2.636486770998e+04,2.190120089342e-12,5.099980338996e-01
1.210000000000e+01,1.998165136524e-01,1.886354711949e-01,2.033576043406e-01,2.636486771003e+04,1.977594958578e-12,5.099980339006e-01
1.215000000000e+01,1.998165136528e-01,1.886354711952e-01,2.033576043410e-01,2.636486771008e+04,1.785211098378e-12,5.099980339015e-01
1.220000000000e+01,1.998165136531e-01,1.886354711955e-01,2.033576043413e-01,2.636486771012e+04,1.611857266226e-12,5.099980339023e-01
1.225000000000e+01,1.998165136534e-01,1.886354711958e-01,2.033576043416e-01,2.636486771016e+04,1.455310977097e-12,5.099980339031e-01
1.230000000000e+01,1.998165136536e-01,1.886354711960e-01,2.033576043418e-01,2.636486771019e+04,1.313905367218e-12,5.099980339037e-01
1.235000000000e+01,1.998165136539e-01,1.886354711963e-01,2.033576043421e-01,2.636486771022e+04,1.186390288761e-12,5.099980339043e-01
1.240000000000e+01,1.998165136541e-01,1.886354711965e-01,2.033576043423e-01,2.636486771025e+04,1.070959972642e-12,5.099980339049e-01
1.245000000000e+01,1.998165136543e-01,1.886354711966e-01,2.033576043425e-01,2.636486771028e+04,9.669198922901e-13,5.099980339054e-01
1.250000000000e+01,1.998165136545e-01,1.886354711968e-01,2.033576043427e-01,2.636486771030e+04,8.728809945620e-13,5.099980339058e-01
1.255000000000e+01,1.998165136546e-01,1.886354711970e-01,2.033576043428e-01,2.636486771032e+04,7.881487528868e-13,5.099980339062e-01
1.260000000000e+01,1.998165136548e-01,1.886354711971e-01,2.033576043430e-01,2.636486771034e+04,7.116119247509e-13,5.099980339065e-01
1.265000000000e+01,1.998165136549e-01,1.886354711972e-01,2.033576043431e-01,2.636486771036e+04,6.424370782687e-13,5.099980339069e-01
1.270000000000e+01,1.998165136550e-01,1.886354711973e-01,2.033576043432e-01,2.636486771037e+04,5.800685921835e-13,5.099980339072e-01
1.275000000000e+01,1.998165136551e-01,1.886354711974e-01,2.033576043433e-01,2.636486771039e+04,5.236730346098e-13,5.099980339074e-01
1.280000000000e+01,1.998165136552e-01,1.886354711975e-01,2.033576043434e-01,2.636486771040e+04,4.728336896050e-13,5.099980339077e-01
1.285000000000e+01,1.998165136553e-01,1.886354711976e-01,2.033576043435e-01,2.636486771041e+04,4.269949359122e-13,5.099980339079e-01
1.290000000000e+01,1.998165136554e-01,1.886354711977e-01,2.033576043436e-01,2.636486771042e+04,3.854622469603e-13,5.099980339081e-01
1.295000000000e+01,1.998165136554e-01,1.886354711977e-01,2.033576043437e-01,2.636486771043e+04,3.478189068066e-13,5.099980339083e-01
1.300000000000e+01,1.998165136555e-01,1.886354711978e-01,2.033576043437e-01,2.636486771044e+04,3.142038207653e-13,5.099980339084e-01
1.305000000000e+01,1.998165136555e-01,1.886354711978e-01,2.033576043438e-01,2.636486771044e+04,2.836446516368e-13,5.099980339086e-01
1.310000000000e+01,1.998165136556e-01,1.886354711979e-01,2.033576043438e-01,2.636486771045e+04,2.561413994213e-13,5.099980339087e-01
1.315000000000e+01,1.998165136556e-01,1.886354711979e-01,2.033576043439e-01,2.636486771046e+04,2.312773481759e-13,5.099980339088e-01
1.320000000000e+01,1.998165136557e-01,1.886354711980e-01,2.033576043439e-01,2.636486771046e+04,2.089135925864e-13,5.099980339089e-01
1.325000000000e+01,1.998165136557e-01,1.886354711980e-01,2.033576043439e-01,2.636486771047e+04,1.883556060819e-13,5.099980339090e-01
1.330000000000e+01,1.998165136558e-01,1.886354711980e-01,2.033576043440e-01,2.636486771047e+04,1.702979152333e-13,5.099980339091e-01
1.335000000000e+01,1.998165136558e-01,1.886354711981e-01,2.033576043440e-01,2.636486771048e+04,1.536292775269e-13,5.099980339092e-01
1.340000000000e+01,1.998165136558e-01,1.886354711981e-01,2.033576043440e-01,2.636486771048e+04,1.387664089054e-13,5.099980339092e-01
1.345000000000e+01,1.998165136558e-01,1.886354711981e-01,2.033576043441e-01,2.636486771048e+04,1.251536881119e-13,5.099980339093e-01
1.350000000000e+01,1.998165136559e-01,1.886354711981e-01,2.033576043441e-01,2.636486771049e+04,1.132078310890e-13,5.099980339094e-01
1.355000000000e+01,1.998165136559e-01,1.886354711981e-01,2.033576043441e-01,2.636486771049e+04,1.022343112656e-13,5.099980339094e-01
1.360000000000e+01,1.998165136559e-01,1.886354711982e-01,2.033576043441e-01,2.636486771049e+04,9.209422332757e-14,5.099980339095e-01
1.365000000000e+01,1.998165136559e-01,1.886354711982e-01,2.033576043441e-01,2.636486771049e+04,8.334318853173e-14,5.099980339095e-01
1.370000000000e+01,1.998165136559e-01,1.886354711982e-01,2.033576043442e-01,2.636486771050e+04,7.514777499277e-14,5.099980339095e-01
1.375000000000e+01,1.998165136559e-01,1.886354711982e-01,2.033576043442e-01,2.636486771050e+04,6.778579333913e-14,5.099980339096e-01
1.380000000000e+01,1.998165136560e-01,1.886354711982e-01,2.033576043442e-01,2.636486771050e+04,6.125724357081e-14,5.099980339096e-01
1.385000000000e+01,1.998165136560e-01,1.886354711982e-01,2.033576043442e-01,2.636486771050e+04,5.542322037358e-14,5.099980339096e-01
1.390000000000e+01,1.998165136560e-01,1.886354711982e-01,2.033576043442e-01,2.636486771050e+04,4.986700780480e-14,5.099980339097e-01
1.395000000000e+01,1.998165136560e-01,1.886354711982e-01,2.033576043442e-01,2.636486771050e+04,4.500532180712e-14,5.099980339097e-01
1.400000000000e+01,1.998165136560e-01,1.886354711983e-01,2.033576043442e-01,2.636486771050e+04,4.069925706631e-14,5.099980339097e-01
1.405000000000e+01,1.998165136560e-01,1.886354711983e-01,2.033576043442e-01,2.636486771051e+04,3.667100295394e-14,5.099980339097e-01
1.410000000000e+01,1.998165136560e-01,1.886354711983e-01,2.033576043442e-01,2.636486771051e+04,3.319837009846e-14,5.099980339097e-01
1.415000000000e+01,1.998165136560e-01,1.886354711983e-01,2.033576043442e-01,2.636486771051e+04,3.000354787141e-14,5.099980339097e-01
1.420000000000e+01,1.998165136560e-01,1.886354711983e-01,2.033576043443e-01,2.636486771051e+04,2.708653627280e-14,5.099980339098e-01
1.425000000000e+01,1.998165136560e-01,1.886354711983e-01,2.033576043443e-01,2.636486771051e+04,2.458624061685e-14,5.099980339098e-01
1.430000000000e+01,1.998165136560e-01,1.886354711983e-01,2.033576043443e-01,2.636486771051e+04,2.208594496090e-14,5.099980339098e-01
1.435000000000e+01,1.998165136560e-01,1.886354711983e-01,2.033576043443e-01,2.636486771051e+04,2.000236524760e-14,5.099980339098e-01
1.440000000000e+01,1.998165136560e-01,1.886354711983e-01,2.033576043443e-01,2.636486771051e+04,1.805769084853e-14,5.099980339098e-01
1.445000000000e+01,1.998165136560e-01,1.886354711983e-01,2.033576043443e-01,2.636486771051e+04,1.652973239212e-14,5.099980339098e-01
1.450000000000e+01,1.998165136560e-01,1.886354711983e-01,2.033576043443e-01,2.636486771051e+04,1.472396330726e-14,5.099980339098e-01
1.455000000000e+01,1.998165136560e-01,1.886354711983e-01,2.033576043443e-01,2.636486771051e+04,1.333491016507e-14,5.099980339098e-01
1.460000000000e+01,1.998165136560e-01,1.886354711983e-01,2.033576043443e-01,2.636486771051e+04,1.194585702287e-14,5.099980339098e-01
1.465000000000e+01,1.998165136560e-01,1.886354711983e-01,2.033576043443e-01,2.636486771051e+04,1.083461450912e-14,5.099980339098e-01
1.470000000000e+01,1.998165136560e-01,1.886354711983e-01,2.033576043443e-01,2.636486771051e+04,9.723371995362e-15,5.099980339098e-01
1.475000000000e+01,1.998165136560e-01,1.886354711983e-01,2.033576043443e-01,2.636486771051e+04,8.889940110045e-15,5.099980339098e-01
1.480000000000e+01,1.998165136561e-01,1.886354711983e-01,2.033576043443e-01,2.636486771051e+04,8.195413538948e-15,5.099980339099e-01
1.485000000000e+01,1.998165136561e-01,1.886354711983e-01,2.033576043443e-01,2.636486771051e+04,7.084171025192e-15,5.099980339099e-01
1.490000000000e+01,1.998165136561e-01,1.886354711983e-01,2.033576043443e-01,2.636486771051e+04,6.667455082534e-15,5.099980339099e-01
1.495000000000e+01,1.998165136561e-01,1.886354711983e-01,2.033576043443e-01,2.636486771051e+04,5.834023197217e-15,5.099980339099e-01
1.500000000000e+01,1.998165136561e-01,1.886354711983e-01,2.033576043443e-01,2.636486771051e+04,5.278401940339e-15,5.099980339099e-01
