substrate,substrate_conductivity_s_m,aln_conductivity_s_m,aln_conductance_ratio,pinhole_fraction,metal_conductance_ratio,effective_conductance_ratio,current_closure_proxy,worst_case_lorentz_drag_proxy,mhd_performance_only
316L,1350000.0,1e-10,1.25e-19,0.0,0.0084375,1.25e-19,1.25e-19,1.4400000000000002e-13,True
316L,1350000.0,1e-10,1.25e-19,1e-07,0.0084375,8.43750000125e-10,8.43749999413086e-10,0.000971999999323875,True
316L,1350000.0,1e-10,1.25e-19,1e-06,0.0084375,8.437500000125e-09,8.437499928933595e-09,0.009719999918131501,True
316L,1350000.0,1e-10,1.25e-19,1e-05,0.0084375,8.437500000012502e-08,8.437499288098499e-08,0.09719999179889471,True
316L,1350000.0,1e-10,1.25e-19,0.0001,0.0084375,8.43750000000125e-07,8.437492880866631e-07,0.971999179875836,True
316L,1350000.0,1e-10,1.25e-19,0.001,0.0084375,8.437500000000125e-06,8.437428809194547e-06,9.719917988192119,True
316L,1350000.0,1e-10,1.25e-19,0.01,0.0084375,8.437500000000013e-05,8.436788146000194e-05,97.19179944192224,True
316L,1350000.0,1e-10,1.25e-19,0.1,0.0084375,0.0008437500000000002,0.0008430386861085961,971.1805663971027,True
316L,1350000.0,1e-09,1.2500000000000003e-18,0.0,0.0084375,1.2500000000000003e-18,1.2500000000000003e-18,1.4400000000000003e-12,True
316L,1350000.0,1e-09,1.2500000000000003e-18,1e-07,0.0084375,8.437500012499999e-10,8.437500005380859e-10,0.0009720000006198749,True
316L,1350000.0,1e-09,1.2500000000000003e-18,1e-06,0.0084375,8.43750000125e-09,8.437499930058594e-09,0.0097199999194275,True
316L,1350000.0,1e-09,1.2500000000000003e-18,1e-05,0.0084375,8.437500000125e-08,8.437499288210997e-08,0.09719999180019068,True
316L,1350000.0,1e-09,1.2500000000000003e-18,0.0001,0.0084375,8.4375000000125e-07,8.437492880877881e-07,0.9719991798771319,True
316L,1350000.0,1e-09,1.2500000000000003e-18,0.001,0.0084375,8.437500000001249e-06,8.43742880919567e-06,9.719917988193412,True
316L,1350000.0,1e-09,1.2500000000000003e-18,0.01,0.0084375,8.437500000000124e-05,8.436788146000305e-05,97.19179944192352,True
316L,1350000.0,1e-09,1.2500000000000003e-18,0.1,0.0084375,0.0008437500000000012,0.0008430386861085971,971.1805663971038,True
316L,1350000.0,1e-08,1.25e-17,0.0,0.0084375,1.25e-17,1.25e-17,1.44e-11,True
316L,1350000.0,1e-08,1.25e-17,1e-07,0.0084375,8.437500124999988e-10,8.437500117880847e-10,0.0009720000135798737,True
316L,1350000.0,1e-08,1.25e-17,1e-06,0.0084375,8.437500012499988e-09,8.437499941308583e-09,0.009719999932387487,True
316L,1350000.0,1e-08,1.25e-17,1e-05,0.0084375,8.437500001249989e-08,8.437499289335985e-08,0.09719999181315055,True
316L,1350000.0,1e-08,1.25e-17,0.0001,0.0084375,8.437500000124988e-07,8.437492880990369e-07,0.9719991798900905,True
316L,1350000.0,1e-08,1.25e-17,0.001,0.0084375,8.437500000012487e-06,8.437428809206909e-06,9.719917988206358,True
316L,1350000.0,1e-08,1.25e-17,0.01,0.0084375,8.437500000001238e-05,8.436788146001419e-05,97.19179944193635,True
316L,1350000.0,1e-08,1.25e-17,0.1,0.0084375,0.0008437500000000114,0.0008430386861086072,971.1805663971154,True
316L,1350000.0,1e-07,1.2499999999999999e-16,0.0,0.0084375,1.2499999999999999e-16,1.2499999999999996e-16,1.4399999999999994e-10,True
316L,1350000.0,1e-07,1.2499999999999999e-16,1e-07,0.0084375,8.437501249999875e-10,8.437501242880732e-10,0.0009720001431798603,True
316L,1350000.0,1e-07,1.2499999999999999e-16,1e-06,0.0084375,8.437500124999875e-09,8.437500053808468e-09,0.009720000061987356,True
316L,1350000.0,1e-07,1.2499999999999999e-16,1e-05,0.0084375,8.437500012499877e-08,8.437499300585873e-08,0.09719999194274925,True
316L,1350000.0,1e-07,1.2499999999999999e-16,0.0001,0.0084375,8.437500001249876e-07,8.437492882115257e-07,0.9719991800196776,True
316L,1350000.0,1e-07,1.2499999999999999e-16,0.001,0.0084375,8.437500000124875e-06,8.437428809319295e-06,9.719917988335828,True
316L,1350000.0,1e-07,1.2499999999999999e-16,0.01,0.0084375,8.437500000012375e-05,8.436788146012554e-05,97.19179944206462,True
316L,1350000.0,1e-07,1.2499999999999999e-16,0.1,0.0084375,0.0008437500000001126,0.0008430386861087084,971.1805663972322,True
316L,1350000.0,1e-06,1.25e-15,0.0,0.0084375,1.25e-15,1.2499999999999984e-15,1.4399999999999981e-09,True
316L,1350000.0,1e-06,1.25e-15,1e-07,0.0084375,8.43751249999875e-10,8.437512492879588e-10,0.0009720014391797285,True
316L,1350000.0,1e-06,1.25e-15,1e-06,0.0084375,8.43750124999875e-09,8.437501178807326e-09,0.009720001357986039,True
316L,1350000.0,1e-06,1.25e-15,1e-05,0.0084375,8.437500124998751e-08,8.437499413084728e-08,0.09719999323873607,True
316L,1350000.0,1e-06,1.25e-15,0.0001,0.0084375,8.437500012498751e-07,8.437492893364112e-07,0.9719991813155457,True
316L,1350000.0,1e-06,1.25e-15,0.001,0.0084375,8.43750000124875e-06,8.437428810443152e-06,9.719917989630511,True
316L,1350000.0,1e-06,1.25e-15,0.01,0.0084375,8.43750000012375e-05,8.43678814612391e-05,97.19179944334743,True
316L,1350000.0,1e-06,1.25e-15,0.1,0.0084375,0.0008437500000011251,0.000843038686109719,971.1805663983963,True
316L,1350000.0,1e-05,1.25e-14,0.0,0.0084375,1.25e-14,1.2499999999999844e-14,1.4399999999999821e-08,True
316L,1350000.0,1e-05,1.25e-14,1e-07,0.0084375,8.4376249999875e-10,8.43762499286815e-10,0.0009720143991784108,True
316L,1350000.0,1e-05,1.25e-14,1e-06,0.0084375,8.4375124999875e-09,8.437512428795884e-09,0.009720014317972857,True
316L,1350000.0,1e-05,1.25e-14,1e-05,0.0084375,8.437501249987501e-08,8.437500538073288e-08,0.09720000619860428,True
316L,1350000.0,1e-05,1.25e-14,0.0001,0.0084375,8.437500124987501e-07,8.437493005852671e-07,0.9719991942742278,True
316L,1350000.0,1e-05,1.25e-14,0.001,0.0084375,8.4375000124875e-06,8.437428821681712e-06,9.719918002577332,True
316L,1350000.0,1e-05,1.25e-14,0.01,0.0084375,8.4375000012375e-05,8.436788147237473e-05,97.19179945617569,True
316L,1350000.0,1e-05,1.25e-14,0.1,0.0084375,0.0008437500000112501,0.0008430386861198269,971.1805664100406,True
316L,1350000.0,0.0001,1.25e-13,0.0,0.0084375,1.25e-13,1.2499999999998437e-13,1.43999999999982e-07,True
316L,1350000.0,0.0001,1.25e-13,1e-07,0.0084375,8.438749999875e-10,8.43874999275375e-10,0.0009721439991652321,True
316L,1350000.0,0.0001,1.25e-13,1e-06,0.0084375,8.437624999875e-09,8.437624928681486e-09,0.009720143917841071,True
316L,1350000.0,0.0001,1.25e-13,1e-05,0.0084375,8.437512499875001e-08,8.437511787958888e-08,0.0972001357972864,True
316L,1350000.0,0.0001,1.25e-13,0.0001,0.0084375,8.437501249875001e-07,8.437494130738275e-07,0.9719993238610493,True
316L,1350000.0,0.0001,1.25e-13,0.001,0.0084375,8.437500124875e-06,8.437428934067315e-06,9.719918132045548,True
316L,1350000.0,0.0001,1.25e-13,0.01,0.0084375,8.437500012375e-05,8.436788158373093e-05,97.19179958445802,True
316L,1350000.0,0.0001,1.25e-13,0.1,0.0084375,0.0008437500001125001,0.0008430386862209062,971.180566526484,True
316L,1350000.0,0.001,1.2500000000000001e-12,0.0,0.0084375,1.2500000000000001e-12,1.2499999999984379e-12,1.4399999999982005e-06,True
316L,1350000.0,0.001,1.2500000000000001e-12,1e-07,0.0084375,8.44999999875e-10,8.449999991609749e-10,0.0009734399990334431,True
316L,1350000.0,0.001,1.2500000000000001e-12,1e-06,0.0084375,8.438749998750001e-09,8.438749927537501e-09,0.009721439916523201,True
316L,1350000.0,0.001,1.2500000000000001e-12,1e-05,0.0084375,8.437624998750001e-08,8.437624286814905e-08,0.0972014317841077,True
316L,1350000.0,0.001,1.2500000000000001e-12,0.0001,0.0084375,8.437512498750001e-07,8.43750537959429e-07,0.9720006197292622,True
316L,1350000.0,0.001,1.2500000000000001e-12,0.001,0.0084375,8.43750124875e-06,8.437430057923349e-06,9.719919426727698,True
316L,1350000.0,0.001,1.2500000000000001e-12,0.01,0.0084375,8.43750012375e-05,8.4367882697293e-05,97.19180086728153,True
316L,1350000.0,0.001,1.2500000000000001e-12,0.1,0.0084375,0.0008437500011250001,0.0008430386872317001,971.1805676909186,True
IN625,800000.0,1e-10,1.25e-19,0.0,0.005,1.25e-19,1.25e-19,1.4400000000000002e-13,True
IN625,800000.0,1e-10,1.25e-19,1e-07,0.005,5.00000000125e-10,4.99999999875e-10,0.000575999999856,True
IN625,800000.0,1e-10,1.25e-19,1e-06,0.005,5.000000000125e-09,4.999999975125001e-09,0.005759999971344001,True
IN625,800000.0,1e-10,1.25e-19,1e-05,0.005,5.0000000000125e-08,4.999999750012513e-08,0.05759999712014415,True
IN625,800000.0,1e-10,1.25e-19,0.0001,0.005,5.00000000000125e-07,4.9999975000025e-07,0.575999712000288,True
IN625,800000.0,1e-10,1.25e-19,0.001,0.005,5.000000000000125e-06,4.999975000125124e-06,5.759971200144143,True
IN625,800000.0,1e-10,1.25e-19,0.01,0.005,5.0000000000000124e-05,4.999750012499387e-05,57.59712014399294,True
IN625,800000.0,1e-10,1.25e-19,0.1,0.005,0.0005000000000000001,0.0004997501249375314,575.7121439280362,True
IN625,800000.0,1e-09,1.2500000000000003e-18,0.0,0.005,1.2500000000000003e-18,1.2500000000000003e-18,1.4400000000000003e-12,True
IN625,800000.0,1e-09,1.2500000000000003e-18,1e-07,0.005,5.000000012499999e-10,5.000000009999999e-10,0.0005760000011519998,True
IN625,800000.0,1e-09,1.2500000000000003e-18,1e-06,0.005,5.000000001249999e-09,4.9999999762499995e-09,0.005759999972639999,True
IN625,800000.0,1e-09,1.2500000000000003e-18,1e-05,0.005,5.0000000001249993e-08,4.999999750125012e-08,0.05759999712144014,True
IN625,800000.0,1e-09,1.2500000000000003e-18,0.0001,0.005,5.0000000000125e-07,4.99999750001375e-07,0.575999712001584,True
IN625,800000.0,1e-09,1.2500000000000003e-18,0.001,0.005,5.000000000001249e-06,4.999975000126248e-06,5.759971200145438,True
IN625,800000.0,1e-09,1.2500000000000003e-18,0.01,0.005,5.000000000000124e-05,4.999750012499499e-05,57.597120143994225,True
IN625,800000.0,1e-09,1.2500000000000003e-18,0.1,0.005,0.0005000000000000011,0.0004997501249375323,575.7121439280372,True
IN625,800000.0,1e-08,1.25e-17,0.0,0.005,1.25e-17,1.25e-17,1.44e-11,True
IN625,800000.0,1e-08,1.25e-17,1e-07,0.005,5.000000124999988e-10,5.000000122499988e-10,0.0005760000141119986,True
IN625,800000.0,1e-08,1.25e-17,1e-06,0.005,5.000000012499988e-09,4.999999987499988e-09,0.005759999985599986,True
IN625,800000.0,1e-08,1.25e-17,1e-05,0.005,5.000000001249988e-08,4.999999751250001e-08,0.05759999713440001,True
IN625,800000.0,1e-08,1.25e-17,0.0001,0.005,5.000000000124988e-07,4.999997500126238e-07,0.5759997120145426,True
IN625,800000.0,1e-08,1.25e-17,0.001,0.005,5.000000000012488e-06,4.999975000137487e-06,5.759971200158385,True
IN625,800000.0,1e-08,1.25e-17,0.01,0.005,5.0000000000012376e-05,4.999750012500612e-05,57.59712014400705,True
IN625,800000.0,1e-08,1.25e-17,0.1,0.005,0.0005000000000000113,0.0004997501249375425,575.7121439280489,True
IN625,800000.0,1e-07,1.2499999999999999e-16,0.0,0.005,1.2499999999999999e-16,1.2499999999999996e-16,1.4399999999999994e-10,True
IN625,800000.0,1e-07,1.2499999999999999e-16,1e-07,0.005,5.000001249999876e-10,5.000001247499875e-10,0.0005760001437119856,True
IN625,800000.0,1e-07,1.2499999999999999e-16,1e-06,0.005,5.000000124999875e-09,5.0000000999998736e-09,0.005760000115199854,True
IN625,800000.0,1e-07,1.2499999999999999e-16,1e-05,0.005,5.0000000124998754e-08,4.9999997624998864e-08,0.05759999726399869,True
IN625,800000.0,1e-07,1.2499999999999999e-16,0.0001,0.005,5.000000001249876e-07,4.999997501251125e-07,0.5759997121441296,True
IN625,800000.0,1e-07,1.2499999999999999e-16,0.001,0.005,5.000000000124875e-06,4.999975000249873e-06,5.759971200287854,True
IN625,800000.0,1e-07,1.2499999999999999e-16,0.01,0.005,5.000000000012375e-05,4.999750012511749e-05,57.597120144135346,True
IN625,800000.0,1e-07,1.2499999999999999e-16,0.1,0.005,0.0005000000000001126,0.0004997501249376436,575.7121439281655,True
IN625,800000.0,1e-06,1.25e-15,0.0,0.005,1.25e-15,1.2499999999999984e-15,1.4399999999999981e-09,True
IN625,800000.0,1e-06,1.25e-15,1e-07,0.005,5.00001249999875e-10,5.000012497498738e-10,0.0005760014397118546,True
IN625,800000.0,1e-06,1.25e-15,1e-06,0.005,5.00000124999875e-09,5.000001224998737e-09,0.005760001411198545,True
IN625,800000.0,1e-06,1.25e-15,1e-05,0.005,5.00000012499875e-08,4.99999987499875e-08,0.0575999985599856,True
IN625,800000.0,1e-06,1.25e-15,0.0001,0.005,5.000000012498751e-07,4.999997512499989e-07,0.5759997134399988,True
IN625,800000.0,1e-06,1.25e-15,0.001,0.005,5.000000001248751e-06,4.999975001373738e-06,5.759971201582546,True
IN625,800000.0,1e-06,1.25e-15,0.01,0.005,5.0000000001237504e-05,4.999750012623113e-05,57.59712014541826,True
IN625,800000.0,1e-06,1.25e-15,0.1,0.005,0.000500000000001125,0.0004997501249386551,575.7121439293306,True
IN625,800000.0,1e-05,1.25e-14,0.0,0.005,1.25e-14,1.2499999999999844e-14,1.4399999999999821e-08,True
IN625,800000.0,1e-05,1.25e-14,1e-07,0.005,5.0001249999875e-10,5.000124997487376e-10,0.0005760143997105457,True
IN625,800000.0,1e-05,1.25e-14,1e-06,0.005,5.0000124999875004e-09,5.000012474987376e-09,0.005760014371185457,True
IN625,800000.0,1e-05,1.25e-14,1e-05,0.005,5.0000012499875006e-08,5.000000999987388e-08,0.05760001151985471,True
IN625,800000.0,1e-05,1.25e-14,0.0001,0.005,5.000000124987501e-07,4.999997624988626e-07,0.5759997263986897,True
IN625,800000.0,1e-05,1.25e-14,0.001,0.005,5.0000000124875005e-06,4.999975012612375e-06,5.759971214529457,True
IN625,800000.0,1e-05,1.25e-14,0.01,0.005,5.0000000012375005e-05,4.999750013736752e-05,57.59712015824738,True
IN625,800000.0,1e-05,1.25e-14,0.1,0.005,0.00050000000001125,0.00049975012494877,575.712143940983,True
IN625,800000.0,0.0001,1.25e-13,0.0,0.005,1.25e-13,1.2499999999998437e-13,1.43999999999982e-07,True
IN625,800000.0,0.0001,1.25e-13,1e-07,0.005,5.001249999875e-10,5.00124999737375e-10,0.000576143999697456,True
IN625,800000.0,0.0001,1.25e-13,1e-06,0.005,5.000124999875e-09,5.0001249748737506e-09,0.00576014397105456,True
IN625,800000.0,0.0001,1.25e-13,1e-05,0.005,5.0000124998750006e-08,5.0000122498737635e-08,0.05760014111854576,True
IN625,800000.0,0.0001,1.25e-13,0.0001,0.005,5.000001249875001e-07,4.999998749875001e-07,0.5759998559856001,True
IN625,800000.0,0.0001,1.25e-13,0.001,0.005,5.000000124875001e-06,4.999975124998751e-06,5.759971343998561,True
IN625,800000.0,0.0001,1.25e-13,0.01,0.005,5.0000000123750005e-05,4.999750024873138e-05,57.59712028653855,True
IN625,800000.0,0.0001,1.25e-13,0.1,0.005,0.0005000000001125,0.0004997501250499187,575.7121440575064,True
IN625,800000.0,0.001,1.2500000000000001e-12,0.0,0.005,1.2500000000000001e-12,1.2499999999984379e-12,1.4399999999982005e-06,True
IN625,800000.0,0.001,1.2500000000000001e-12,1e-07,0.005,5.01249999875e-10,5.012499996237484e-10,0.0005774399995665582,True
IN625,800000.0,0.001,1.2500000000000001e-12,1e-06,0.005,5.00124999875e-09,5.0012499737374985e-09,0.005761439969745598,True
IN625,800000.0,0.001,1.2500000000000001e-12,1e-05,0.005,5.00012499875e-08,5.000124748737512e-08,0.05760143710545614,True
IN625,800000.0,0.001,1.2500000000000001e-12,0.0001,0.005,5.000012498750001e-07,5.000009998738752e-07,0.5760011518547042,True
IN625,800000.0,0.001,1.2500000000000001e-12,0.001,0.005,5.00000124875e-06,4.9999762488625114e-06,5.7599726386896135,True
IN625,800000.0,0.001,1.2500000000000001e-12,0.01,0.005,5.00000012375e-05,4.9997501362370005e-05,57.597121569450245,True
IN625,800000.0,0.001,1.2500000000000001e-12,0.1,0.005,0.0005000000011250001,0.0004997501260614072,575.712145222741,True
molybdenum,18700000.0,1e-10,1.25e-19,0.0,0.116875,1.25e-19,1.25e-19,1.4400000000000002e-13,True
molybdenum,18700000.0,1e-10,1.25e-19,1e-07,0.116875,1.1687500000125e-08,1.1687499863527345e-08,0.013463999842783502,True
molybdenum,18700000.0,1e-10,1.25e-19,1e-06,0.116875,1.1687500000012501e-07,1.16874986340361e-07,0.13463998426409587,True
molybdenum,18700000.0,1e-10,1.25e-19,1e-05,0.116875,1.1687500000001252e-06,1.1687486340251594e-06,1.3463984263969835,True
molybdenum,18700000.0,1e-10,1.25e-19,0.0001,0.116875,1.1687500000000127e-05,1.1687363403940343e-05,13.463842641339275,True
molybdenum,18700000.0,1e-10,1.25e-19,0.001,0.116875,0.00011687500000000013,0.00011686134183067366,134.62426578893607,True
molybdenum,18700000.0,1e-10,1.25e-19,0.01,0.116875,0.0011687500000000003,0.001167385618058894,1344.8282320038459,True
molybdenum,18700000.0,1e-10,1.25e-19,0.1,0.116875,0.011687500000000002,0.011552480385494534,13308.457404089704,True
molybdenum,18700000.0,1e-09,1.2500000000000003e-18,0.0,0.116875,1.2500000000000003e-18,1.2500000000000003e-18,1.4400000000000003e-12,True
molybdenum,18700000.0,1e-09,1.2500000000000003e-18,1e-07,0.116875,1.168750000125e-08,1.1687499864652345e-08,0.013463999844079502,True
molybdenum,18700000.0,1e-09,1.2500000000000003e-18,1e-06,0.116875,1.1687500000125e-07,1.1687498634148599e-07,0.13463998426539187,True
molybdenum,18700000.0,1e-09,1.2500000000000003e-18,1e-05,0.116875,1.1687500000012503e-06,1.1687486340262844e-06,1.3463984263982798,True
molybdenum,18700000.0,1e-09,1.2500000000000003e-18,0.0001,0.116875,1.1687500000001251e-05,1.1687363403941467e-05,13.46384264134057,True
molybdenum,18700000.0,1e-09,1.2500000000000003e-18,0.001,0.116875,0.00011687500000000126,0.00011686134183067479,134.62426578893735,True
molybdenum,18700000.0,1e-09,1.2500000000000003e-18,0.01,0.116875,0.0011687500000000014,0.001167385618058895,1344.828232003847,True
molybdenum,18700000.0,1e-09,1.2500000000000003e-18,0.1,0.116875,0.011687500000000003,0.011552480385494536,13308.457404089706,True
molybdenum,18700000.0,1e-08,1.25e-17,0.0,0.116875,1.25e-17,1.25e-17,1.44e-11,True
molybdenum,18700000.0,1e-08,1.25e-17,1e-07,0.116875,1.1687500012499999e-08,1.1687499875902344e-08,0.013463999857039501,True
molybdenum,18700000.0,1e-08,1.25e-17,1e-06,0.116875,1.1687500001249999e-07,1.1687498635273595e-07,0.1346399842783518,True
molybdenum,18700000.0,1e-08,1.25e-17,1e-05,0.116875,1.1687500000125001e-06,1.1687486340375339e-06,1.346398426411239,True
molybdenum,18700000.0,1e-08,1.25e-17,0.0001,0.116875,1.16875000000125e-05,1.1687363403952716e-05,13.463842641353528,True
molybdenum,18700000.0,1e-08,1.25e-17,0.001,0.116875,0.00011687500000001249,0.00011686134183068602,134.6242657889503,True
molybdenum,18700000.0,1e-08,1.25e-17,0.01,0.116875,0.0011687500000000124,0.001167385618058906,1344.8282320038597,True
molybdenum,18700000.0,1e-08,1.25e-17,0.1,0.116875,0.011687500000000012,0.011552480385494545,13308.457404089715,True
molybdenum,18700000.0,1e-07,1.2499999999999999e-16,0.0,0.116875,1.2499999999999999e-16,1.2499999999999996e-16,1.4399999999999994e-10,True
molybdenum,18700000.0,1e-07,1.2499999999999999e-16,1e-07,0.116875,1.1687500124999987e-08,1.168749998840233e-08,0.013463999986639484,True
molybdenum,18700000.0,1e-07,1.2499999999999999e-16,1e-06,0.116875,1.1687500012499989e-07,1.1687498646523583e-07,0.1346399844079517,True
molybdenum,18700000.0,1e-07,1.2499999999999999e-16,1e-05,0.116875,1.168750000124999e-06,1.1687486341500328e-06,1.3463984265408377,True
molybdenum,18700000.0,1e-07,1.2499999999999999e-16,0.0001,0.116875,1.168750000012499e-05,1.1687363404065204e-05,13.463842641483115,True
molybdenum,18700000.0,1e-07,1.2499999999999999e-16,0.001,0.116875,0.00011687500000012488,0.0001168613418307984,134.62426578907974,True
molybdenum,18700000.0,1e-07,1.2499999999999999e-16,0.01,0.116875,0.001168750000000124,0.0011673856180590173,1344.828232003988,True
molybdenum,18700000.0,1e-07,1.2499999999999999e-16,0.1,0.116875,0.011687500000000114,0.011552480385494645,13308.457404089831,True
molybdenum,18700000.0,1e-06,1.25e-15,0.0,0.116875,1.25e-15,1.2499999999999984e-15,1.4399999999999981e-09,True
molybdenum,18700000.0,1e-06,1.25e-15,1e-07,0.116875,1.1687501249999875e-08,1.1687501113402192e-08,0.013464001282639325,True
molybdenum,18700000.0,1e-06,1.25e-15,1e-06,0.116875,1.1687500124999875e-07,1.1687498759023443e-07,0.13463998570395005,True
molybdenum,18700000.0,1e-06,1.25e-15,1e-05,0.116875,1.1687500012499877e-06,1.1687486352750187e-06,1.3463984278368215,True
molybdenum,18700000.0,1e-06,1.25e-15,0.0001,0.116875,1.1687500001249876e-05,1.1687363405190062e-05,13.463842642778951,True
molybdenum,18700000.0,1e-06,1.25e-15,0.001,0.116875,0.00011687500000124875,0.00011686134183192199,134.62426579037412,True
molybdenum,18700000.0,1e-06,1.25e-15,0.01,0.116875,0.0011687500000012376,0.0011673856180601284,1344.8282320052679,True
molybdenum,18700000.0,1e-06,1.25e-15,0.1,0.116875,0.011687500000001128,0.011552480385495634,13308.45740409097,True
molybdenum,18700000.0,1e-05,1.25e-14,0.0,0.116875,1.25e-14,1.2499999999999844e-14,1.4399999999999821e-08,True
molybdenum,18700000.0,1e-05,1.25e-14,1e-07,0.116875,1.168751249999875e-08,1.1687512363400802e-08,0.013464014242637724,True
molybdenum,18700000.0,1e-05,1.25e-14,1e-06,0.116875,1.168750124999875e-07,1.1687499884022055e-07,0.13463999866393409,True
molybdenum,18700000.0,1e-05,1.25e-14,1e-05,0.116875,1.1687500124998753e-06,1.16874864652488e-06,1.3463984407966618,True
molybdenum,18700000.0,1e-05,1.25e-14,0.0001,0.116875,1.1687500012498752e-05,1.1687363416438676e-05,13.463842655737356,True
molybdenum,18700000.0,1e-05,1.25e-14,0.001,0.116875,0.00011687500001248751,0.00011686134184315814,134.62426580331817,True
molybdenum,18700000.0,1e-05,1.25e-14,0.01,0.116875,0.0011687500000123752,0.00116738561807124,1344.8282320180685,True
molybdenum,18700000.0,1e-05,1.25e-14,0.1,0.116875,0.011687500000011251,0.011552480385505527,13308.457404102368,True
molybdenum,18700000.0,0.0001,1.25e-13,0.0,0.116875,1.25e-13,1.2499999999998437e-13,1.43999999999982e-07,True
molybdenum,18700000.0,0.0001,1.25e-13,1e-07,0.116875,1.16876249999875e-08,1.1687624863386921e-08,0.013464143842621732,True
molybdenum,18700000.0,0.0001,1.25e-13,1e-06,0.116875,1.16875124999875e-07,1.1687511134008177e-07,0.1346401282637742,True
molybdenum,18700000.0,0.0001,1.25e-13,1e-05,0.116875,1.1687501249987502e-06,1.1687487590234921e-06,1.346398570395063,True
molybdenum,18700000.0,0.0001,1.25e-13,0.0001,0.116875,1.1687500124987502e-05,1.1687363528924796e-05,13.463842785321365,True
molybdenum,18700000.0,0.0001,1.25e-13,0.001,0.116875,0.00011687500012487501,0.00011686134195551938,134.62426593275833,True
molybdenum,18700000.0,0.0001,1.25e-13,0.01,0.116875,0.00116875000012375,0.0011673856181823549,1344.8282321460729,True
molybdenum,18700000.0,0.0001,1.25e-13,0.1,0.116875,0.011687500000112502,0.011552480385604452,13308.457404216328,True
molybdenum,18700000.0,0.001,1.2500000000000001e-12,0.0,0.116875,1.2500000000000001e-12,1.2499999999984379e-12,1.4399999999982005e-06,True
molybdenum,18700000.0,0.001,1.2500000000000001e-12,1e-07,0.116875,1.1688749999874999e-08,1.1688749863248125e-08,0.013465439842461839,True
molybdenum,18700000.0,0.001,1.2500000000000001e-12,1e-06,0.116875,1.1687624999875e-07,1.1687623633869379e-07,0.13464142426217524,True
molybdenum,18700000.0,0.001,1.2500000000000001e-12,1e-05,0.116875,1.1687512499875002e-06,1.1687498840096124e-06,1.3463998663790735,True
molybdenum,18700000.0,0.001,1.2500000000000001e-12,0.0001,0.116875,1.1687501249875001e-05,1.1687364653786001e-05,13.463844081161474,True
molybdenum,18700000.0,0.001,1.2500000000000001e-12,0.001,0.116875,0.00011687500124875001,0.0001168613430791317,134.62426722715972,True
molybdenum,18700000.0,0.001,1.2500000000000001e-12,0.01,0.116875,0.0011687500012375,0.0011673856192935062,1344.8282334261191,True
molybdenum,18700000.0,0.001,1.2500000000000001e-12,0.1,0.116875,0.011687500001125001,0.011552480386593691,13308.457405355932,True
